Workbook

Sheet 权重
A14: CA | B14: Passing | C14: Crossing | D14: Marking | E14: Penalty taking | F14: Technique | G14: Corners | H14: Long Throw | I14: Dribbling | J14: Tackling | K14: Free Kick Taking | L14: Finishing | M14: First touch | N14: Heading | O14: Longshot | P14: Flair | Q14: Positioning | R14: Work rate | S14: Concentration | T14: Decision | U14: Leadership | V14: Aggression | W14: Vision | X14: Teamwork | Y14: Off the ball | Z14: Determination | AA14: Bravery | AB14: Anticipation | AC14: Composure | AD14: Acceleration | AE14: Jumping reach | AF14: Agility | AG14: Stamina | AH14: Balance | AI14: Strengh | AJ14: Pace | AK14: Natual fitness | AL14: consistency | AM14: important Matches | AN14: pressure
A15: CA | B15: 传球 | C15: 传中 | D15: 盯人 | E15: 罚点球 | F15: 技术 | G15: 角球 | H15: 界外球 | I15: 盘带 | J15: 抢断 | K15: 任意球 | L15: 射门 | M15: 停球 | N15: 头球 | O15: 远射 | P15: 才华 | Q15: 防守站位 | R15: 工作投入 | S15: 集中 | T15: 决断 | U15: 领导力 | V15: 侵略性 | W15: 视野 | X15: 团队合作 | Y15: 无球跑动 | Z15: 意志力 | AA15: 勇敢 | AB15: 预判 | AC15: 镇定 | AD15: 爆发力 | AE15: 弹跳 | AF15: 灵活 | AG15: 耐力 | AH15: 平衡 | AI15: 强壮 | AJ15: 速度 | AK15: 体质 | AL15: 稳定 | AM15: 大赛 | AN15: 抗压能力 | BO15: 表3： | BP15: attribute=18 - attribute=1 | BX15: 表5： | BY15: attribute=18 - attribute=6 | CG15: 表6： | CH15: attribute=6 - attribute=1
A16: 这是从12降低到6 | B16: 0.5 | C16: 2.4 | D16: 1.63 | E16: 0 | F16: -0.1 | G16: 0 | H16: 0 | I16: -9.2 | J16: 3.7 | K16: 0 | L16: -2.2 | M16: -0.1 | N16: 0.5 | O16: -0.5 | Q16: 2.6 | S16: -4.5 | T16: 4.6 | W16: 3.9 | Y16: 0.2 | AB16: -5.3 | AC16: -0.8 | AD16: -34.6 | AE16: -8.3 | AF16: 2 | AG16: -5 | AH16: -10.1 | AI16: -7.7 | AJ16: -29.9 | AK16: -9.2 | AO16: 这是从12降低到6 | BP16: change of Win rate | BR16: change of Win rate | BT16: change of Win rate | BY16: change of Win rate | CA16: change of Win rate | CC16: change of Win rate | CH16: change of Win rate | CJ16: change of Win rate | CL16: change of Win rate
BP17: 胜率的改变量 | BR17: 胜率的改变量 | BT17: 胜率的改变量 | BY17: 胜率的改变量 | CA17: 胜率的改变量 | CC17: 胜率的改变量 | CH17: 胜率的改变量 | CJ17: 胜率的改变量 | CL17: 胜率的改变量
A18: CA | B18: Passing | C18: Crossing | D18: Marking | E18: Penalty taking | F18: Technique | G18: Corners | H18: Long Throw | I18: Dribbling | J18: Tackling | K18: Free Kick Taking | L18: Finishing | M18: First touch | N18: Heading | O18: Longshot | P18: Flair | Q18: Positioning | R18: Work rate | S18: Concentration | T18: Decision | U18: Leadership | V18: Aggression | W18: Vision | X18: Teamwork | Y18: Off the ball | Z18: Determination | AA18: Bravery | AB18: Anticipation | AC18: Composure | AD18: Acceleration | AE18: Jumping reach | AF18: Agility | AG18: Stamina | AH18: Balance | AI18: Strengh | AJ18: Pace | AK18: Natual fitness | AL18: consistency | AM18: important Matches | AN18: pressure | BO18: 传球Passing | BP18: 0.058659731 | BQ18: 才华Flair | BR18: -0.0019379845 | BS18: 爆发Acceleration | BT18: 0.77054264 | BX18: 传球Passing | BY18: 0.023194614 | BZ18: 才华Flair | CA18: 0.0089147287 | CB18: 爆发Acceleration | CC18: 0.57364341 | CG18: 传球Passing | CH18: 0.035465116 | CI18: 才华Flair | CJ18: -0.010852713 | CK18: 爆发Acceleration | CL18: 0.19689922
A19: CA | B19: 传球 | C19: 传中 | D19: 盯人 | E19: 罚点球 | F19: 技术 | G19: 角球 | H19: 界外球 | I19: 盘带 | J19: 抢断 | K19: 任意球 | L19: 射门 | M19: 停球 | N19: 头球 | O19: 远射 | P19: 才华 | Q19: 防守站位 | R19: 工作投入 | S19: 集中 | T19: 决断 | U19: 领导力 | V19: 侵略性 | W19: 视野 | X19: 团队合作 | Y19: 无球跑动 | Z19: 意志力 | AA19: 勇敢 | AB19: 预判 | AC19: 镇定 | AD19: 爆发力 | AE19: 弹跳 | AF19: 灵活 | AG19: 耐力 | AH19: 平衡 | AI19: 强壮 | AJ19: 速度 | AK19: 体质 | AL19: 稳定 | AM19: 大赛 | AN19: 抗压能力 | BO19: 传中Crossing | BP19: 0.030852713 | BQ19: 防守站位Positioning | BR19: 0.084496124 | BS19: 弹跳Jumping Reach | BT19: 0.28023256 | BX19: 传中Crossing | BY19: 0.0013953488 | BZ19: 防守站位Positioning | CA19: 0.013953488 | CB19: 弹跳Jumping Reach | CC19: 0.23837209 | CG19: 传中Crossing | CH19: 0.029457364 | CI19: 防守站位Positioning | CJ19: 0.070542636 | CK19: 弹跳Jumping Reach | CL19: 0.041860465
A20: 这是从10降低到6 | P20: 0.5 | R20: -8.8 | U20: -1.1 | V20: -0.9 | X20: 2.5 | Z20: 0.5 | AA20: 1.6 | AL20: -1.2 | AM20: -0.5 | AN20: -2.2 | AO20: 这是从10降低到6 | BO20: 盯人Marking | BP20: 0.024651163 | BQ20: 工作投入Work Rate | BR20: 0.59017442 | BS20: 灵活Agility | BT20: 0.19263566 | BX20: 盯人Marking | BY20: 0.016589147 | BZ20: 工作投入Work Rate | CA20: 0.14831395 | CB20: 灵活Agility | CC20: 0.037338501 | CG20: 盯人Marking | CH20: 0.0080620155 | CI20: 工作投入Work Rate | CJ20: 0.44186047 | CK20: 灵活Agility | CL20: 0.15529716
BO21: 罚点球 | BQ21: 集中Concentration | BR21: 0.23643411 | BS21: 耐力Stamina | BT21: 0.20852713 | BX21: 罚点球 | BZ21: 集中Concentration | CA21: 0.086046512 | CB21: 耐力Stamina | CC21: 0.081007752 | CG21: 罚点球 | CH21: 0 | CI21: 集中Concentration | CJ21: 0.1503876 | CK21: 耐力Stamina | CL21: 0.12751938
A22: CA | B22: Passing | C22: Crossing | D22: Marking | E22: Penalty taking | F22: Technique | G22: Corners | H22: Long Throw | I22: Dribbling | J22: Tackling | K22: Free Kick Taking | L22: Finishing | M22: First touch | N22: Heading | O22: Longshot | P22: Flair | Q22: Positioning | R22: Work rate | S22: Concentration | T22: Decision | U22: Leadership | V22: Aggression | W22: Vision | X22: Teamwork | Y22: Off the ball | Z22: Determination | AA22: Bravery | AB22: Anticipation | AC22: Composure | AD22: Acceleration | AE22: Jumping reach | AF22: Agility | AG22: Stamina | AH22: Balance | AI22: Strengh | AJ22: Pace | AK22: Natual fitness | AL22: consistency | AM22: important Matches | AN22: pressure | BO22: 技术Technique | BP22: -0.01161068 | BQ22: 决断Decisions | BR22: 0.0060465116 | BS22: 平衡Balance | BT22: 0.20465116 | BX22: 技术Technique | BY22: 0.024177433 | BZ22: 决断Decisions | CA22: -0.024186047 | CB22: 平衡Balance | CC22: 0.17170543 | CG22: 技术Technique | CH22: -0.035788114 | CI22: 决断Decisions | CJ22: 0.030232558 | CK22: 平衡Balance | CL22: 0.032945736
A23: CA | B23: 传球 | C23: 传中 | D23: 盯人 | E23: 罚点球 | F23: 技术 | G23: 角球 | H23: 界外球 | I23: 盘带 | J23: 抢断 | K23: 任意球 | L23: 射门 | M23: 停球 | N23: 头球 | O23: 远射 | P23: 才华 | Q23: 防守站位 | R23: 工作投入 | S23: 集中 | T23: 决断 | U23: 领导力 | V23: 侵略性 | W23: 视野 | X23: 团队合作 | Y23: 无球跑动 | Z23: 意志力 | AA23: 勇敢 | AB23: 预判 | AC23: 镇定 | AD23: 爆发力 | AE23: 弹跳 | AF23: 灵活 | AG23: 耐力 | AH23: 平衡 | AI23: 强壮 | AJ23: 速度 | AK23: 体质 | AL23: 稳定 | AM23: 大赛 | AN23: 抗压能力 | BO23: 角球 | BQ23: 领导力Leadership | BR23: 0.0024806202 | BS23: 强壮Strength | BT23: 0.11434109 | BX23: 角球 | BZ23: 领导力Leadership | CA23: 0.043178295 | CB23: 强壮Strength | CC23: 0.13410853 | CG23: 角球 | CI23: 领导力Leadership | CJ23: -0.040697674 | CK23: 强壮Strength | CL23: -0.019767442
A24: 这是从12降低到1 | B24: -3.1 | C24: -0.5 | D24: 0.8 | E24: 0 | F24: 3.5 | G24: 0 | H24: 0 | I24: -15.2 | J24: 0.2 | K24: 0 | L24: -7.6 | M24: 0.5 | N24: -1.8 | O24: -1.7 | Q24: -4.5 | S24: -19.5 | T24: 1.6 | W24: -3.1 | Y24: 0 | AB24: -12.6 | AC24: -8.6 | AD24: -54.3 | AE24: -12.4 | AF24: -13.5 | AG24: -17.7 | AH24: -13.4 | AI24: -5.7 | AJ24: -53.6 | AK24: -4.6 | AO24: 这是从12降低到1 | BO24: 界外球 | BQ24: 侵略性Aggression | BR24: 0.084186047 | BS24: 速度Pace | BT24: 0.76918605 | BX24: 界外球 | BZ24: 侵略性Aggression | CA24: 0.029922481 | CB24: 速度Pace | CC24: 0.53236434 | CG24: 界外球 | CI24: 侵略性Aggression | CJ24: 0.054263566 | CK24: 速度Pace | CL24: 0.23682171
BO25: 盘带Dribbling | BP25: 0.23410853 | BQ25: 视野Vision | BR25: 0.042945736 | BS25: 体质 | BT25: 0.11007752 | BX25: 盘带Dribbling | BY25: 0.17403101 | BZ25: 视野Vision | CA25: -0.026821705 | CB25: 体质 | CC25: 0.063565891 | CG25: 盘带Dribbling | CH25: 0.060077519 | CI25: 视野Vision | CJ25: 0.069767442 | CK25: 体质Natual fitness | CL25: 0.046511628
A26: CA | B26: Passing | C26: Crossing | D26: Marking | E26: Penalty taking | F26: Technique | G26: Corners | H26: Long Throw | I26: Dribbling | J26: Tackling | K26: Free Kick Taking | L26: Finishing | M26: First touch | N26: Heading | O26: Longshot | P26: Flair | Q26: Positioning | R26: Work rate | S26: Concentration | T26: Decision | U26: Leadership | V26: Aggression | W26: Vision | X26: Teamwork | Y26: Off the ball | Z26: Determination | AA26: Bravery | AB26: Anticipation | AC26: Composure | AD26: Acceleration | AE26: Jumping reach | AF26: Agility | AG26: Stamina | AH26: Balance | AI26: Strengh | AJ26: Pace | AK26: Natual fitness | AL26: consistency | AM26: important Matches | AN26: pressure | BO26: 抢断Tackling | BP26: 0.027364341 | BQ26: 团队合作Teamwork | BR26: 0.0040310078 | BS26: 稳定consistency | BT26: 0.051937984 | BX26: 抢断Tackling | BY26: -0.007751938 | BZ26: 团队合作Teamwork | CA26: -0.016124031 | CB26: 稳定consistency | CC26: 0.046511628 | CG26: 抢断Tackling | CH26: 0.035116279 | CI26: 团队合作Teamwork | CJ26: 0.020155039 | CK26: 稳定consistency | CL26: 0.0054263566
A27: CA | B27: 传球 | C27: 传中 | D27: 盯人 | E27: 罚点球 | F27: 技术 | G27: 角球 | H27: 界外球 | I27: 盘带 | J27: 抢断 | K27: 任意球 | L27: 射门 | M27: 停球 | N27: 头球 | O27: 远射 | P27: 才华 | Q27: 防守站位 | R27: 工作投入 | S27: 集中 | T27: 决断 | U27: 领导力 | V27: 侵略性 | W27: 视野 | X27: 团队合作 | Y27: 无球跑动 | Z27: 意志力 | AA27: 勇敢 | AB27: 预判 | AC27: 镇定 | AD27: 爆发力 | AE27: 弹跳 | AF27: 灵活 | AG27: 耐力 | AH27: 平衡 | AI27: 强壮 | AJ27: 速度 | AK27: 体质 | AL27: 稳定 | AM27: 大赛 | AN27: 抗压能力 | BO27: 任意球 | BQ27: 无球跑动Off The Ball | BR27: 0.01627907 | BS27: 大赛important Matches | BT27: 0.056589147 | BX27: 任意球 | BZ27: 无球跑动Off The Ball | CA27: 0.014728682 | CB27: 大赛important Matches | CC27: 0.034108527 | CG27: 任意球 | CI27: 无球跑动Off The Ball | CJ27: 0.0015503876 | CK27: 大赛important Matches | CL27: 0.02248062
A28: 这是从10降低到1 | P28: 1.6 | R28: -53 | U28: 3 | V28: -6.4 | X28: 0.5 | Z28: -7 | AA28: 1.7 | AL28: -1.8 | AM28: -2.7 | AN28: -20.5 | AO28: 这是从10降低到6 | BO28: 射门Finishing | BP28: 0.11558338 | BQ28: 意志力Determination | BR28: 0.11674419 | BS28: 抗压能力pressure | BT28: 0.27131783 | BX28: 射门Finishing | BY28: 0.062095011 | BZ28: 意志力Determination | CA28: 0.042325581 | CB28: 抗压能力pressure | CC28: 0.089147287 | CG28: 射门Finishing | CH28: 0.053488372 | CI28: 意志力Determination | CJ28: 0.074418605 | CK28: 抗压能力pressure | CL28: 0.18217054
BO29: 停球First Touch | BP29: 0.03250646 | BQ29: 勇敢Bravery | BR29: -0.0035658915 | BX29: 停球First Touch | BY29: 0.038449612 | BZ29: 勇敢Bravery | CA29: -0.0020155039 | CG29: 停球First Touch | CH29: -0.0059431525 | CI29: 勇敢Bravery | CJ29: -0.0015503876
A30: CA | B30: Passing | C30: Crossing | D30: Marking | E30: Penalty taking | F30: Technique | G30: Corners | H30: Long Throw | I30: Dribbling | J30: Tackling | K30: Free Kick Taking | L30: Finishing | M30: First touch | N30: Heading | O30: Longshot | P30: Flair | Q30: Positioning | R30: Work rate | S30: Concentration | T30: Decision | U30: Leadership | V30: Aggression | W30: Vision | X30: Teamwork | Y30: Off the ball | Z30: Determination | AA30: Bravery | AB30: Anticipation | AC30: Composure | AD30: Acceleration | AE30: Jumping reach | AF30: Agility | AG30: Stamina | AH30: Balance | AI30: Strengh | AJ30: Pace | AK30: Natual fitness | AL30: consistency | AM30: important Matches | AN30: pressure | BO30: 头球Heading | BP30: 0.045839793 | BQ30: 预判Anticipation | BR30: 0.18 | BX30: 头球Heading | BY30: 0.023100775 | BZ30: 预判Anticipation | CA30: 0.10713178 | CG30: 头球Heading | CH30: 0.022739018 | CI30: 预判Anticipation | CJ30: 0.072868217
A31: CA | B31: 传球 | C31: 传中 | D31: 盯人 | E31: 罚点球 | F31: 技术 | G31: 角球 | H31: 界外球 | I31: 盘带 | J31: 抢断 | K31: 任意球 | L31: 射门 | M31: 停球 | N31: 头球 | O31: 远射 | P31: 才华 | Q31: 防守站位 | R31: 工作投入 | S31: 集中 | T31: 决断 | U31: 领导力 | V31: 侵略性 | W31: 视野 | X31: 团队合作 | Y31: 无球跑动 | Z31: 意志力 | AA31: 勇敢 | AB31: 预判 | AC31: 镇定 | AD31: 爆发力 | AE31: 弹跳 | AF31: 灵活 | AG31: 耐力 | AH31: 平衡 | AI31: 强壮 | AJ31: 速度 | AK31: 体质 | AL31: 稳定 | AM31: 大赛 | AN31: 抗压能力 | BO31: 远射Long Shots | BP31: 0.067131783 | BQ31: 镇定Composure | BR31: 0.1079845 | BX31: 远射Long Shots | BY31: 0.054728682 | BZ31: 镇定Composure | CA31: 0.030852713 | CG31: 远射Long Shots | CH31: 0.012403101 | CI31: 镇定Composure | CJ31: 0.077131783
A32: 这是从12增加到18 | B32: 2.8 | C32: 2.5 | D32: 3.3 | E32: 0 | F32: 2.3 | G32: 0 | H32: 0 | I32: 8.2 | J32: 3 | K32: 0 | L32: 4 | M32: 3.8 | N32: 2.8 | O32: 5 | Q32: 4 | S32: 4.1 | T32: 2.2 | W32: 1.2 | Y32: 1.6 | AB32: 5.4 | AC32: 2.2 | AD32: 22.7 | AE32: 15.6 | AF32: 5.8 | AG32: 3.1 | AH32: 7 | AI32: 5.7 | AJ32: 23.4 | AK32: 1.8 | AO32: 这是从12增加到18
BO33: 将表1的值减去表2，可以得到“属性18和属性1”之间的胜率差： | BX33: 将表1的值减去表4，可以得到“属性18和属性6”之间的胜率差： | CG33: 将表4的值减去表2，可以得到“属性6和属性1”之间的胜率差：
A34: CA | B34: Passing | C34: Crossing | D34: Marking | E34: Penalty taking | F34: Technique | G34: Corners | H34: Long Throw | I34: Dribbling | J34: Tackling | K34: Free Kick Taking | L34: Finishing | M34: First touch | N34: Heading | O34: Longshot | P34: Flair | Q34: Positioning | R34: Work rate | S34: Concentration | T34: Decision | U34: Leadership | V34: Aggression | W34: Vision | X34: Teamwork | Y34: Off the ball | Z34: Determination | AA34: Bravery | AB34: Anticipation | AC34: Composure | AD34: Acceleration | AE34: Jumping reach | AF34: Agility | AG34: Stamina | AH34: Balance | AI34: Strengh | AJ34: Pace | AK34: Natual fitness | AL34: consistency | AM34: important Matches | AN34: pressure | BO34: Table 1 - Table 2 | BX34: Table 1 - Table 4 | CG34: Table 4 - Table 2
A35: CA | B35: 传球 | C35: 传中 | D35: 盯人 | E35: 罚点球 | F35: 技术 | G35: 角球 | H35: 界外球 | I35: 盘带 | J35: 抢断 | K35: 任意球 | L35: 射门 | M35: 停球 | N35: 头球 | O35: 远射 | P35: 才华 | Q35: 防守站位 | R35: 工作投入 | S35: 集中 | T35: 决断 | U35: 领导力 | V35: 侵略性 | W35: 视野 | X35: 团队合作 | Y35: 无球跑动 | Z35: 意志力 | AA35: 勇敢 | AB35: 预判 | AC35: 镇定 | AD35: 爆发力 | AE35: 弹跳 | AF35: 灵活 | AG35: 耐力 | AH35: 平衡 | AI35: 强壮 | AJ35: 速度 | AK35: 体质 | AL35: 稳定 | AM35: 大赛 | AN35: 抗压能力
A36: 这是从10增加到18 | P36: 1.4 | R36: 6 | U36: 3.2 | V36: 2.1 | X36: 0.9 | Z36: 4.7 | AA36: 1.4 | AL36: 3.4 | AM36: 3 | AN36: 6.7 | AO36: 这是从10增加到18
A38: CA | B38: Passing | C38: Crossing | D38: Marking | E38: Penalty taking | F38: Technique | G38: Corners | H38: Long Throw | I38: Dribbling | J38: Tackling | K38: Free Kick Taking | L38: Finishing | M38: First touch | N38: Heading | O38: Longshot | P38: Flair | Q38: Positioning | R38: Work rate | S38: Concentration | T38: Decision | U38: Leadership | V38: Aggression | W38: Vision | X38: Teamwork | Y38: Off the ball | Z38: Determination | AA38: Bravery | AB38: Anticipation | AC38: Composure | AD38: Acceleration | AE38: Jumping reach | AF38: Agility | AG38: Stamina | AH38: Balance | AI38: Strengh | AJ38: Pace | AK38: Natual fitness | AL38: consistency | AM38: important Matches | AN38: pressure
A39: CA | B39: 传球 | C39: 传中 | D39: 盯人 | E39: 罚点球 | F39: 技术 | G39: 角球 | H39: 界外球 | I39: 盘带 | J39: 抢断 | K39: 任意球 | L39: 射门 | M39: 停球 | N39: 头球 | O39: 远射 | P39: 才华 | Q39: 防守站位 | R39: 工作投入 | S39: 集中 | T39: 决断 | U39: 领导力 | V39: 侵略性 | W39: 视野 | X39: 团队合作 | Y39: 无球跑动 | Z39: 意志力 | AA39: 勇敢 | AB39: 预判 | AC39: 镇定 | AD39: 爆发力 | AE39: 弹跳 | AF39: 灵活 | AG39: 耐力 | AH39: 平衡 | AI39: 强壮 | AJ39: 速度 | AK39: 体质 | AL39: 稳定 | AM39: 大赛 | AN39: 抗压能力
A40: 这是从1增加到6 | B40: 3.5 | C40: 2.9 | D40: 0.8 | E40: 0 | F40: -3.6 | G40: 0 | H40: 0 | I40: 6 | J40: 3.5 | K40: 0 | L40: 5.3 | M40: -0.6 | N40: 2.3 | O40: 1.2 | P40: -1.1 | Q40: 7.1 | R40: 44.2 | S40: 15 | T40: 3 | U40: -4.1 | V40: 5.4 | W40: 7 | X40: 2 | Y40: 0.2 | Z40: 7.4 | AA40: -0.2 | AB40: 7.3 | AC40: 7.7 | AD40: 19.7 | AE40: 4.2 | AF40: 15.5 | AG40: 12.8 | AH40: 3.3 | AI40: -2 | AJ40: 23.7 | AK40: 4.7 | AL40: 0.5 | AM40: 2.2 | AN40: 18.2 | AO40: 这是从1增加到6（这是通过表4和表2，两个表，相减减出来的）
B46: Passing | C46: Crossing | D46: Marking | E46: Penalty taking | F46: Technique | G46: Corners | H46: Long Throw | I46: Dribbling | J46: Tackling | K46: Free Kick Taking | L46: Finishing | M46: First touch | N46: Heading | O46: Longshot | P46: Flair | Q46: Positioning | R46: Work rate | S46: Concentration | T46: Decision | U46: Leadership | V46: Aggression | W46: Vision | X46: Teamwork | Y46: Off the ball | Z46: Determination | AA46: Bravery | AB46: Anticipation | AC46: Composure | AD46: Acceleration | AE46: Jumping reach | AF46: Agility | AG46: Stamina | AH46: Balance | AI46: Strengh | AJ46: Pace | AK46: Natual fitness | AL46: consistency | AM46: important Matches | AN46: pressure
B47: 传球 | C47: 传中 | D47: 盯人 | E47: 罚点球 | F47: 技术 | G47: 角球 | H47: 界外球 | I47: 盘带 | J47: 抢断 | K47: 任意球 | L47: 射门 | M47: 停球 | N47: 头球 | O47: 远射 | P47: 才华 | Q47: 防守站位 | R47: 工作投入 | S47: 集中 | T47: 决断 | U47: 领导力 | V47: 侵略性 | W47: 视野 | X47: 团队合作 | Y47: 无球跑动 | Z47: 意志力 | AA47: 勇敢 | AB47: 预判 | AC47: 镇定 | AD47: 爆发力 | AE47: 弹跳 | AF47: 灵活 | AG47: 耐力 | AH47: 平衡 | AI47: 强壮 | AJ47: 速度 | AK47: 体质 | AL47: 稳定 | AM47: 大赛 | AN47: 抗压能力
A48: 从1至6每点属性贡献 | B48: =B40/5 -> 0.7 | C48: =C40/5 -> 0.58 | D48: =D40/5 -> 0.16 | E48: =E40/5 -> 0 | F48: =F40/5 -> -0.72 | G48: =G40/5 -> 0 | H48: =H40/5 -> 0 | I48: =I40/5 -> 1.2 | ... AC48: =AC40/5 -> 1.54 | AD48: =AD40/5*1.25 -> 4.925 | AE48: =AE40/5 -> 0.84 | AF48: =AF40/5 -> 3.1 | AG48: =AG40/5 -> 2.56 | AH48: =AH40/5 -> 0.66 | AI48: =AI40/5 -> -0.4 | AJ48: =AJ40/5*1.25 -> 5.925 | AK48: =AK40/5 -> 0.94 | AL48: =AL40/5 -> 0.1 | AM48: =AM40/5 -> 0.44 | AN48: =AN40/5 -> 3.64 | AO48: 从1至6每点属性贡献 | AR48: 注意，（速度，爆发）分别*1.25
A49: 从6至12每点属性贡献 | B49: =-B16/6 -> -0.083333333 | C49: =-C16/6 -> -0.4 | D49: =-D16/6 -> -0.27166667 | E49: =-E16/6 -> 0 | F49: =-F16/6 -> 0.016666667 | G49: =-G16/6 -> 0 | H49: =-H16/6 -> 0 | I49: =-I16/6 -> 1.5333333 | ... O49: =-O16/6 -> 0.083333333 | Q49: =-Q16/6 -> -0.43333333 | S49: =-S16/6 -> 0.75 | T49: =-T16/6 -> -0.76666667 | W49: =-W16/6 -> -0.65 | Y49: =-Y16/6 -> -0.033333333 | AB49: =-AB16/6 -> 0.88333333 | AC49: =-AC16/6 -> 0.13333333 | AD49: =-AD16/6*1.25 -> 7.2083333 | AE49: =-AE16/6 -> 1.3833333 | AF49: =-AF16/6 -> -0.33333333 | AG49: =-AG16/6 -> 0.83333333 | AH49: =-AH16/6 -> 1.6833333 | AI49: =-AI16/6 -> 1.2833333 | AJ49: =-AJ16/6*1.25 -> 6.2291667 | AK49: =-AK16/6 -> 1.5333333 | AO49: 从6至12每点属性贡献 | AR49: 注意，（速度，爆发）分别*1.25
A50: 从6至10每点属性贡献 | P50: =-P20/4 -> -0.125 | R50: =-R20/4 -> 2.2 | U50: =-U20/4 -> 0.275 | V50: =-V20/4 -> 0.225 | X50: =-X20/4 -> -0.625 | Z50: =-Z20/4 -> -0.125 | AA50: =-AA20/4 -> -0.4 | AL50: =-AL20/4 -> 0.3 | AM50: =-AM20/4 -> 0.125 | AN50: =-AN20/4 -> 0.55 | AO50: 从6至10每点属性贡献 | AR50: 注意，（速度，爆发）分别*1.25
A51: 从12至18每点属性贡献 | B51: =B32/6 -> 0.46666667 | C51: =C32/6 -> 0.41666667 | D51: =D32/6 -> 0.55 | E51: =E32/6 -> 0 | F51: =F32/6 -> 0.38333333 | G51: =G32/6 -> 0 | H51: =H32/6 -> 0 | I51: =I32/6 -> 1.3666667 | ... O51: =O32/6 -> 0.83333333 | Q51: =Q32/6 -> 0.66666667 | S51: =S32/6 -> 0.68333333 | T51: =T32/6 -> 0.36666667 | W51: =W32/6 -> 0.2 | Y51: =Y32/6 -> 0.26666667 | AB51: =AB32/6 -> 0.9 | AC51: =AC32/6 -> 0.36666667 | AD51: =AD32/6*1.25 -> 4.7291667 | AE51: =AE32/6 -> 2.6 | AF51: =AF32/6 -> 0.96666667 | AG51: =AG32/6 -> 0.51666667 | AH51: =AH32/6 -> 1.1666667 | AI51: =AI32/6 -> 0.95 | AJ51: =AJ32/6*1.25 -> 4.875 | AK51: =AK32/6 -> 0.3 | AO51: 从12至18每点属性贡献 | AR51: 注意，（速度，爆发）分别*1.25
A52: 从10至18每点属性贡献 | P52: =P36/8 -> 0.175 | R52: =R36/8 -> 0.75 | U52: =U36/8 -> 0.4 | V52: =V36/8 -> 0.2625 | X52: =X36/8 -> 0.1125 | Z52: =Z36/8 -> 0.5875 | AA52: =AA36/8 -> 0.175 | AL52: =AL36/8 -> 0.425 | AM52: =AM36/8 -> 0.375 | AN52: =AN36/8 -> 0.8375 | AO52: 从10至18每点属性贡献 | AR52: 注意，（速度，爆发）分别*1.25
B58: 判定逻辑： | D58: （多数属性）如果属性≤6，（属性-1）*（从1至6每点属性贡献）。
D59: 否则，如果属性≤12，{5*（从1至6每点属性贡献）+ （属性-6）*（从6至12每点属性贡献）}
D60: 否则，即＞12，{5*（从1至6每点属性贡献）+ 6*（从6至12每点属性贡献）+ （属性-12）*（从12至18每点属性贡献）}
D61: 忽略18-20的权重因为没测这一段，这一段的权重继续使用12至18的贡献
B63: 另外，如果是 才华、工作投入、领导力、侵略性、团队合作、意志、勇敢
D65: （多数属性）如果属性≤6，（属性-1）*（从1至6每点属性贡献）。
D66: 否则，如果属性≤10，{5*（从1至6每点属性贡献）+ （属性-4）*（从6至10每点属性贡献）}
D67: 否则，即＞10，{5*（从1至6每点属性贡献）+ 4*（从6至10每点属性贡献）+ （属性-10）*（从10至18每点属性贡献）}
D68: 忽略18-20的权重因为没测这一段，这一段的权重继续使用12至18的贡献
C80: 表4.1： | D80: 以下属性从12变成6 | L80: 表4.2： | M80: 以下属性从10变成6 | U80: 表1： | V80: 属性变成18 | AD80: 表2： | AE80: 属性变成1 | AM80: 表3： | AN80: attribute=18 - attribute=1
D81: change of Win rate | F81: change of Win rate | H81: change of Win rate | M81: change of Win rate | O81: change of Win rate | Q81: change of Win rate | V81: change of Win rate | X81: change of Win rate | Z81: change of Win rate | AE81: change of Win rate | AG81: change of Win rate | AI81: change of Win rate | AN81: change of Win rate | AP81: change of Win rate | AR81: change of Win rate
D82: 胜率的改变量 | F82: 胜率的改变量 | H82: 胜率的改变量 | M82: 胜率的改变量 | O82: 胜率的改变量 | Q82: 胜率的改变量 | V82: 胜率的改变量 | X82: 胜率的改变量 | Z82: 胜率的改变量 | AE82: 胜率的改变量 | AG82: 胜率的改变量 | AI82: 胜率的改变量 | AN82: 胜率的改变量 | AP82: 胜率的改变量 | AR82: 胜率的改变量
C83: 传球Passing | D83: 0.0047082823 | E83: 才华Flair | G83: 爆发Acceleration | H83: -0.34645451 | L83: 传球Passing | N83: 才华Flair | O83: 0.0047082823 | P83: 爆发Acceleration | U83: 传球Passing | V83: 0.027902897 | W83: 才华Flair | X83: 0.013623011 | Y83: 爆发Acceleration | Z83: 0.2271889 | AD83: 传球Passing | AE83: -0.030756834 | AF83: 才华Flair | AG83: 0.015560996 | AH83: 爆发Acceleration | AI83: -0.54335373 | AM83: 传球Passing | AN83: 0.058659731 | AO83: 才华Flair | AP83: -0.0019379845 | AQ83: 爆发Acceleration | AR83: 0.77054264
C84: 传中Crossing | D84: 0.024088127 | E84: 防守站位Positioning | F84: 0.025638515 | G84: 弹跳Jumping Reach | H84: -0.08250102 | L84: 传中Crossing | N84: 防守站位Positioning | P84: 弹跳Jumping Reach | U84: 传中Crossing | V84: 0.025483476 | W84: 防守站位Positioning | X84: 0.039592003 | Y84: 弹跳Jumping Reach | Z84: 0.15587107 | AD84: 传中Crossing | AE84: -0.005369237 | AF84: 防守站位Positioning | AG84: -0.044904121 | AH84: 弹跳Jumping Reach | AI84: -0.12436149 | AM84: 传中Crossing | AN84: 0.030852713 | AO84: 防守站位Positioning | AP84: 0.084496124 | AQ84: 弹跳Jumping Reach | AR84: 0.28023256
C85: 盯人Marking | D85: 0.016336189 | E85: 工作投入Work Rate | G85: 灵活Agility | H85: 0.020470556 | L85: 盯人Marking | N85: 工作投入Work Rate | O85: -0.088314973 | P85: 灵活Agility | U85: 盯人Marking | V85: 0.032925337 | W85: 工作投入Work Rate | X85: 0.05999898 | Y85: 灵活Agility | Z85: 0.057809058 | AD85: 盯人Marking | AE85: 0.0082741738 | AF85: 工作投入Work Rate | AG85: -0.53017544 | AH85: 灵活Agility | AI85: -0.1348266 | AM85: 盯人Marking | AN85: 0.024651163 | AO85: 工作投入Work Rate | AP85: 0.59017442 | AQ85: 灵活Agility | AR85: 0.19263566
C86: 罚点球 | E86: 集中Concentration | F86: -0.044904121 | G86: 耐力Stamina | H86: -0.049555284 | L86: 罚点球 | N86: 集中Concentration | P86: 耐力Stamina | U86: 罚点球 | W86: 集中Concentration | X86: 0.041142391 | Y86: 耐力Stamina | Z86: 0.031452468 | AD86: 罚点球 | AF86: 集中Concentration | AG86: -0.19529172 | AH86: 耐力Stamina | AI86: -0.17707466 | AM86: 罚点球 | AO86: 集中Concentration | AP86: 0.23643411 | AQ86: 耐力Stamina | AR86: 0.20852713
C87: 技术Technique | D87: -0.0011056712 | E87: 决断Decisions | F87: 0.045793554 | G87: 平衡Balance | H87: -0.10149327 | L87: 技术Technique | N87: 决断Decisions | P87: 平衡Balance | U87: 技术Technique | V87: 0.023071762 | W87: 决断Decisions | X87: 0.021607507 | Y87: 平衡Balance | Z87: 0.070212158 | AD87: 技术Technique | AE87: 0.034682443 | AF87: 决断Decisions | AG87: 0.015560996 | AH87: 平衡Balance | AI87: -0.134439 | AM87: 技术Technique | AN87: -0.01161068 | AO87: 决断Decisions | AP87: 0.0060465116 | AQ87: 平衡Balance | AR87: 0.20465116
C88: 角球 | E88: 领导力Leadership | G88: 强壮Strength | H88: -0.076687067 | L88: 角球 | N88: 领导力Leadership | O88: -0.011183191 | P88: 强壮Strength | U88: 角球 | W88: 领导力Leadership | X88: 0.031995104 | Y88: 强壮Strength | Z88: 0.057421461 | AD88: 角球 | AF88: 领导力Leadership | AG88: 0.029514484 | AH88: 强壮Strength | AI88: -0.056919625 | AM88: 角球 | AO88: 领导力Leadership | AP88: 0.0024806202 | AQ88: 强壮Strength | AR88: 0.11434109
C89: 界外球 | E89: 侵略性Aggression | G89: 速度Pace | H89: -0.29878009 | L89: 界外球 | N89: 侵略性Aggression | O89: -0.009245206 | P89: 速度Pace | U89: 界外球 | W89: 侵略性Aggression | X89: 0.020677275 | Y89: 速度Pace | Z89: 0.23358425 | AD89: 界外球 | AF89: 侵略性Aggression | AG89: -0.063508772 | AH89: 速度Pace | AI89: -0.5356018 | AM89: 界外球 | AO89: 侵略性Aggression | AP89: 0.084186047 | AQ89: 速度Pace | AR89: 0.76918605
C90: 盘带Dribbling | D90: -0.091803346 | E90: 视野Vision | F90: 0.038816809 | G90: 体质 | H90: -0.092190942 | L90: 盘带Dribbling | N90: 视野Vision | P90: 体质 | U90: 盘带Dribbling | V90: 0.082227662 | W90: 视野Vision | X90: 0.011995104 | Y90: 体质 | Z90: 0.017886577 | AD90: 盘带Dribbling | AE90: -0.15188086 | AF90: 视野Vision | AG90: -0.030950632 | AH90: 体质 | AI90: -0.092190942 | AM90: 盘带Dribbling | AN90: 0.23410853 | AO90: 视野Vision | AP90: 0.042945736 | AQ90: 体质 | AR90: 0.11007752
C91: 抢断Tackling | D91: 0.037266422 | E91: 团队合作Teamwork | G91: 稳定consistency | L91: 抢断Tackling | N91: 团队合作Teamwork | O91: 0.024863321 | P91: 稳定consistency | Q91: -0.012345981 | U91: 抢断Tackling | V91: 0.029514484 | W91: 团队合作Teamwork | X91: 0.0087392901 | Y91: 稳定consistency | Z91: 0.034165647 | AD91: 抢断Tackling | AE91: 0.0021501428 | AF91: 团队合作Teamwork | AG91: 0.0047082823 | AH91: 稳定consistency | AI91: -0.017772338 | AM91: 抢断Tackling | AN91: 0.027364341 | AO91: 团队合作Teamwork | AP91: 0.0040310078 | AQ91: 稳定consistency | AR91: 0.051937984
C92: 任意球 | E92: 无球跑动Off The Ball | F92: 0.0016075071 | G92: 大赛important Matches | L92: 任意球 | N92: 无球跑动Off The Ball | P92: 大赛important Matches | Q92: -0.0045940432 | U92: 任意球 | W92: 无球跑动Off The Ball | X92: 0.016336189 | Y92: 大赛important Matches | Z92: 0.029514484 | AD92: 任意球 | AF92: 无球跑动Off The Ball | AG92: 5.7119543e-05 | AH92: 大赛important Matches | AI92: -0.027074663 | AM92: 任意球 | AO92: 无球跑动Off The Ball | AP92: 0.01627907 | AQ92: 大赛important Matches | AR92: 0.056589147
C93: 射门Finishing | D93: -0.022423501 | E93: 意志力Determination | G93: 抗压能力pressure | L93: 射门Finishing | N93: 意志力Determination | O93: 0.0047082823 | P93: 抗压能力pressure | Q93: -0.022423501 | U93: 射门Finishing | V93: 0.03967151 | W93: 意志力Determination | X93: 0.047033864 | Y93: 抗压能力pressure | Z93: 0.066723786 | AD93: 射门Finishing | AE93: -0.075911873 | AF93: 意志力Determination | AG93: -0.069710322 | AH93: 抗压能力pressure | AI93: -0.20459404 | AM93: 射门Finishing | AN93: 0.11558338 | AO93: 意志力Determination | AP93: 0.11674419 | AQ93: 抗压能力pressure | AR93: 0.27131783
C94: 停球First Touch | D94: -0.00071807426 | E94: 勇敢Bravery | L94: 停球First Touch | N94: 勇敢Bravery | O94: 0.015560996 | U94: 停球First Touch | V94: 0.037731538 | W94: 勇敢Bravery | X94: 0.013545492 | AD94: 停球First Touch | AE94: 0.0052250782 | AF94: 勇敢Bravery | AG94: 0.017111383 | AM94: 停球First Touch | AN94: 0.03250646 | AO94: 勇敢Bravery | AP94: -0.0035658915
C95: 头球Heading | D95: 0.0047082823 | E95: 预判Anticipation | F95: -0.052656059 | L95: 头球Heading | N95: 预判Anticipation | U95: 头球Heading | V95: 0.027809058 | W95: 预判Anticipation | X95: 0.054475724 | AD95: 头球Heading | AE95: -0.018030736 | AF95: 预判Anticipation | AG95: -0.12552428 | AM95: 头球Heading | AN95: 0.045839793 | AO95: 预判Anticipation | AP95: 0.18
C96: 远射Long Shots | D96: -0.0045940432 | E96: 镇定Composure | F96: -0.0084700122 | L96: 远射Long Shots | N96: 镇定Composure | U96: 远射Long Shots | V96: 0.050134639 | W96: 镇定Composure | X96: 0.022382701 | AD96: 远射Long Shots | AE96: -0.016997144 | AF96: 镇定Composure | AG96: -0.085601795 | AM96: 远射Long Shots | AN96: 0.067131783 | AO96: 镇定Composure | AP96: 0.1079845
C98: 才华、工作投入、领导力、侵略性、团队合作、意志、勇敢初始是10，改变后是6 | L98: 才华、工作投入、领导力、侵略性、团队合作、意志、勇敢初始是10，改变后是6 | U98: 才华、工作投入、领导力、侵略性、团队合作、意志、勇敢初始是10，改变后是18 | AD98: 才华、工作投入、领导力、侵略性、团队合作、意志、勇敢初始是10，改变后是1 | AM98: 将表1的值减去表2，可以得到“属性18和属性1”之间的胜率差：
C99: 其他属性初始是12，改变后是6 | L99: 其他属性初始是12，改变后是6 | U99: 其他属性初始是12，改变后是18 | AD99: 其他属性初始是12，改变后是1 | AM99: Table 1 - Table 2
C100: 稳定、大赛、抗压能力初始是10，改变后是6 | L100: 稳定、大赛、抗压能力初始是10，改变后是6 | U100: 稳定、大赛、抗压能力初始是10，改变后是18 | AD100: 稳定、大赛、抗压能力初始是10，改变后是1
C102: 表2.1： | D102: 以下属性从12变成1 | L102: 表2.2： | M102: 以下属性从10变成1 | U102: 表1： | V102: 属性变成18 | AD102: 表4： | AE102: 属性变成6 | AM102: 表5： | AN102: attribute=18 - attribute=6
D103: change of Win rate | F103: change of Win rate | H103: change of Win rate | M103: change of Win rate | O103: change of Win rate | Q103: change of Win rate | V103: change of Win rate | X103: change of Win rate | Z103: change of Win rate | AE103: change of Win rate | AG103: change of Win rate | AI103: change of Win rate | AN103: change of Win rate | AP103: change of Win rate | AR103: change of Win rate
D104: 胜率的改变量 | F104: 胜率的改变量 | H104: 胜率的改变量 | M104: 胜率的改变量 | O104: 胜率的改变量 | Q104: 胜率的改变量 | V104: 胜率的改变量 | X104: 胜率的改变量 | Z104: 胜率的改变量 | AE104: 胜率的改变量 | AG104: 胜率的改变量 | AI104: 胜率的改变量 | AN104: 胜率的改变量 | AP104: 胜率的改变量 | AR104: 胜率的改变量
C105: 传球Passing | D105: -0.030756834 | E105: 才华Flair | G105: 爆发Acceleration | H105: -0.54335373 | L105: 传球Passing | N105: 才华Flair | O105: 0.015560996 | P105: 爆发Acceleration | U105: 传球Passing | V105: 0.027902897 | W105: 才华Flair | X105: 0.013623011 | Y105: 爆发Acceleration | Z105: 0.2271889 | AD105: 传球Passing | AE105: 0.0047082823 | AF105: 才华Flair | AG105: 0.0047082823 | AH105: 爆发Acceleration | AI105: -0.34645451 | AM105: 传球Passing | AN105: 0.023194614 | AO105: 才华Flair | AP105: 0.0089147287 | AQ105: 爆发Acceleration | AR105: 0.57364341
C106: 传中Crossing | D106: -0.005369237 | E106: 防守站位Positioning | F106: -0.044904121 | G106: 弹跳Jumping Reach | H106: -0.12436149 | L106: 传中Crossing | N106: 防守站位Positioning | P106: 弹跳Jumping Reach | U106: 传中Crossing | V106: 0.025483476 | W106: 防守站位Positioning | X106: 0.039592003 | Y106: 弹跳Jumping Reach | Z106: 0.15587107 | AD106: 传中Crossing | AE106: 0.024088127 | AF106: 防守站位Positioning | AG106: 0.025638515 | AH106: 弹跳Jumping Reach | AI106: -0.08250102 | AM106: 传中Crossing | AN106: 0.0013953488 | AO106: 防守站位Positioning | AP106: 0.013953488 | AQ106: 弹跳Jumping Reach | AR106: 0.23837209
C107: 盯人Marking | D107: 0.0082741738 | E107: 工作投入Work Rate | G107: 灵活Agility | H107: -0.1348266 | L107: 盯人Marking | N107: 工作投入Work Rate | O107: -0.53017544 | P107: 灵活Agility | U107: 盯人Marking | V107: 0.032925337 | W107: 工作投入Work Rate | X107: 0.05999898 | Y107: 灵活Agility | Z107: 0.057809058 | AD107: 盯人Marking | AE107: 0.016336189 | AF107: 工作投入Work Rate | AG107: -0.088314973 | AH107: 灵活Agility | AI107: 0.020470556 | AM107: 盯人Marking | AN107: 0.016589147 | AO107: 工作投入Work Rate | AP107: 0.14831395 | AQ107: 灵活Agility | AR107: 0.037338501
C108: 罚点球 | E108: 集中Concentration | F108: -0.19529172 | G108: 耐力Stamina | H108: -0.17707466 | L108: 罚点球 | N108: 集中Concentration | P108: 耐力Stamina | U108: 罚点球 | W108: 集中Concentration | X108: 0.041142391 | Y108: 耐力Stamina | Z108: 0.031452468 | AD108: 罚点球 | AF108: 集中Concentration | AG108: -0.044904121 | AH108: 耐力Stamina | AI108: -0.049555284 | AM108: 罚点球 | AO108: 集中Concentration | AP108: 0.086046512 | AQ108: 耐力Stamina | AR108: 0.081007752
C109: 技术Technique | D109: 0.034682443 | E109: 决断Decisions | F109: 0.015560996 | G109: 平衡Balance | H109: -0.134439 | L109: 技术Technique | N109: 决断Decisions | P109: 平衡Balance | U109: 技术Technique | V109: 0.023071762 | W109: 决断Decisions | X109: 0.021607507 | Y109: 平衡Balance | Z109: 0.070212158 | AD109: 技术Technique | AE109: -0.0011056712 | AF109: 决断Decisions | AG109: 0.045793554 | AH109: 平衡Balance | AI109: -0.10149327 | AM109: 技术Technique | AN109: 0.024177433 | AO109: 决断Decisions | AP109: -0.024186047 | AQ109: 平衡Balance | AR109: 0.17170543
C110: 角球 | E110: 领导力Leadership | G110: 强壮Strength | H110: -0.056919625 | L110: 角球 | N110: 领导力Leadership | O110: 0.029514484 | P110: 强壮Strength | U110: 角球 | V110: 0 | W110: 领导力Leadership | X110: 0.031995104 | Y110: 强壮Strength | Z110: 0.057421461 | AD110: 角球 | AF110: 领导力Leadership | AG110: -0.011183191 | AH110: 强壮Strength | AI110: -0.076687067 | AM110: 角球 | AO110: 领导力Leadership | AP110: 0.043178295 | AQ110: 强壮Strength | AR110: 0.13410853
C111: 界外球 | E111: 侵略性Aggression | G111: 速度Pace | H111: -0.5356018 | L111: 界外球 | N111: 侵略性Aggression | O111: -0.063508772 | P111: 速度Pace | U111: 界外球 | W111: 侵略性Aggression | X111: 0.020677275 | Y111: 速度Pace | Z111: 0.23358425 | AD111: 界外球 | AF111: 侵略性Aggression | AG111: -0.009245206 | AH111: 速度Pace | AI111: -0.29878009 | AM111: 界外球 | AO111: 侵略性Aggression | AP111: 0.029922481 | AQ111: 速度Pace | AR111: 0.53236434
C112: 盘带Dribbling | D112: -0.15188086 | E112: 视野Vision | F112: -0.030950632 | G112: 体质 | H112: -0.045679315 | L112: 盘带Dribbling | N112: 视野Vision | P112: 体质 | U112: 盘带Dribbling | V112: 0.082227662 | W112: 视野Vision | X112: 0.011995104 | Y112: 体质 | Z112: 0.017886577 | AD112: 盘带Dribbling | AE112: -0.091803346 | AF112: 视野Vision | AG112: 0.038816809 | AH112: 体质 | AI112: -0.045679315 | AM112: 盘带Dribbling | AN112: 0.17403101 | AO112: 视野Vision | AP112: -0.026821705 | AQ112: 体质 | AR112: 0.063565891
C113: 抢断Tackling | D113: 0.0021501428 | E113: 团队合作Teamwork | G113: 稳定consistency | L113: 抢断Tackling | N113: 团队合作Teamwork | O113: 0.0047082823 | P113: 稳定consistency | Q113: -0.017772338 | U113: 抢断Tackling | V113: 0.029514484 | W113: 团队合作Teamwork | X113: 0.0087392901 | Y113: 稳定consistency | Z113: 0.034165647 | AD113: 抢断Tackling | AE113: 0.037266422 | AF113: 团队合作Teamwork | AG113: 0.024863321 | AH113: 稳定consistency | AI113: -0.012345981 | AM113: 抢断Tackling | AN113: -0.007751938 | AO113: 团队合作Teamwork | AP113: -0.016124031 | AQ113: 稳定consistency | AR113: 0.046511628
C114: 任意球 | E114: 无球跑动Off The Ball | F114: 5.7119543e-05 | G114: 大赛important Matches | L114: 任意球 | N114: 无球跑动Off The Ball | P114: 大赛important Matches | Q114: -0.027074663 | U114: 任意球 | W114: 无球跑动Off The Ball | X114: 0.016336189 | Y114: 大赛important Matches | Z114: 0.029514484 | AD114: 任意球 | AF114: 无球跑动Off The Ball | AG114: 0.0016075071 | AH114: 大赛important Matches | AI114: -0.0045940432 | AM114: 任意球 | AO114: 无球跑动Off The Ball | AP114: 0.014728682 | AQ114: 大赛important Matches | AR114: 0.034108527
C115: 射门Finishing | D115: -0.075911873 | E115: 意志力Determination | G115: 抗压能力pressure | L115: 射门Finishing | N115: 意志力Determination | O115: -0.069710322 | P115: 抗压能力pressure | Q115: -0.20459404 | U115: 射门Finishing | V115: 0.03967151 | W115: 意志力Determination | X115: 0.047033864 | Y115: 抗压能力pressure | Z115: 0.066723786 | AD115: 射门Finishing | AE115: -0.022423501 | AF115: 意志力Determination | AG115: 0.0047082823 | AH115: 抗压能力pressure | AI115: -0.022423501 | AM115: 射门Finishing | AN115: 0.062095011 | AO115: 意志力Determination | AP115: 0.042325581 | AQ115: 抗压能力pressure | AR115: 0.089147287
C116: 停球First Touch | D116: 0.0052250782 | E116: 勇敢Bravery | L116: 停球First Touch | N116: 勇敢Bravery | O116: 0.017111383 | U116: 停球First Touch | V116: 0.037731538 | W116: 勇敢Bravery | X116: 0.013545492 | AD116: 停球First Touch | AE116: -0.00071807426 | AF116: 勇敢Bravery | AG116: 0.015560996 | AM116: 停球First Touch | AN116: 0.038449612 | AO116: 勇敢Bravery | AP116: -0.0020155039
C117: 头球Heading | D117: -0.018030736 | E117: 预判Anticipation | F117: -0.12552428 | L117: 头球Heading | N117: 预判Anticipation | U117: 头球Heading | V117: 0.027809058 | W117: 预判Anticipation | X117: 0.054475724 | AD117: 头球Heading | AE117: 0.0047082823 | AF117: 预判Anticipation | AG117: -0.052656059 | AM117: 头球Heading | AN117: 0.023100775 | AO117: 预判Anticipation | AP117: 0.10713178
C118: 远射Long Shots | D118: -0.016997144 | E118: 镇定Composure | F118: -0.085601795 | L118: 远射Long Shots | N118: 镇定Composure | U118: 远射Long Shots | V118: 0.050134639 | W118: 镇定Composure | X118: 0.022382701 | AD118: 远射Long Shots | AE118: -0.0045940432 | AF118: 镇定Composure | AG118: -0.0084700122 | AM118: 远射Long Shots | AN118: 0.054728682 | AO118: 镇定Composure | AP118: 0.030852713
C120: 才华、工作投入、领导力、侵略性、团队合作、意志、勇敢初始是10，改变后是1 | L120: 才华、工作投入、领导力、侵略性、团队合作、意志、勇敢初始是10，改变后是1 | U120: 才华、工作投入、领导力、侵略性、团队合作、意志、勇敢初始是10，改变后是18 | AD120: 才华、工作投入、领导力、侵略性、团队合作、意志、勇敢初始是10，改变后是6 | AM120: 将表1的值减去表4，可以得到“属性18和属性6”之间的胜率差：
C121: 其他属性初始是12，改变后是1 | L121: 其他属性初始是12，改变后是1 | U121: 其他属性初始是12，改变后是18 | AD121: 其他属性初始是12，改变后是6 | AM121: Table 1 - Table 4
C122: 稳定、大赛、抗压能力初始是10，改变后是1 | L122: 稳定、大赛、抗压能力初始是10，改变后是1 | U122: 稳定、大赛、抗压能力初始是10，改变后是18 | AD122: 稳定、大赛、抗压能力初始是10，改变后是6
AM123: 表6： | AN123: attribute=6 - attribute=1
AN124: change of Win rate | AP124: change of Win rate | AR124: change of Win rate
C125: 表1.1： | D125: 以下属性从12变成18 | L125: 表1.2： | M125: 以下属性从10变成18 | AN125: 胜率的改变量 | AP125: 胜率的改变量 | AR125: 胜率的改变量
D126: change of Win rate | F126: change of Win rate | H126: change of Win rate | M126: change of Win rate | O126: change of Win rate | Q126: change of Win rate | AM126: 传球Passing | AN126: 0.035465116 | AO126: 才华Flair | AP126: -0.010852713 | AQ126: 爆发Acceleration | AR126: 0.19689922
D127: 胜率的改变量 | F127: 胜率的改变量 | H127: 胜率的改变量 | M127: 胜率的改变量 | O127: 胜率的改变量 | Q127: 胜率的改变量 | AM127: 传中Crossing | AN127: 0.029457364 | AO127: 防守站位Positioning | AP127: 0.070542636 | AQ127: 弹跳Jumping Reach | AR127: 0.041860465
C128: 传球Passing | D128: 0.027902897 | E128: 才华Flair | G128: 爆发Acceleration | H128: 0.2271889 | L128: 传球Passing | N128: 才华Flair | O128: 0.013623011 | P128: 爆发Acceleration | AM128: 盯人Marking | AN128: 0.0080620155 | AO128: 工作投入Work Rate | AP128: 0.44186047 | AQ128: 灵活Agility | AR128: 0.15529716
C129: 传中Crossing | D129: 0.025483476 | E129: 防守站位Positioning | F129: 0.039592003 | G129: 弹跳Jumping Reach | H129: 0.15587107 | L129: 传中Crossing | N129: 防守站位Positioning | P129: 弹跳Jumping Reach | AM129: 罚点球 | AN129: 0 | AO129: 集中Concentration | AP129: 0.1503876 | AQ129: 耐力Stamina | AR129: 0.12751938
C130: 盯人Marking | D130: 0.032925337 | E130: 工作投入Work Rate | G130: 灵活Agility | H130: 0.057809058 | L130: 盯人Marking | N130: 工作投入Work Rate | O130: 0.05999898 | P130: 灵活Agility | AM130: 技术Technique | AN130: -0.035788114 | AO130: 决断Decisions | AP130: 0.030232558 | AQ130: 平衡Balance | AR130: 0.032945736
C131: 罚点球 | E131: 集中Concentration | F131: 0.041142391 | G131: 耐力Stamina | H131: 0.031452468 | L131: 罚点球 | N131: 集中Concentration | P131: 耐力Stamina | AM131: 角球 | AO131: 领导力Leadership | AP131: -0.040697674 | AQ131: 强壮Strength | AR131: -0.019767442
C132: 技术Technique | D132: 0.023071762 | E132: 决断Decisions | F132: 0.021607507 | G132: 平衡Balance | H132: 0.070212158 | L132: 技术Technique | N132: 决断Decisions | P132: 平衡Balance | AM132: 界外球 | AO132: 侵略性Aggression | AP132: 0.054263566 | AQ132: 速度Pace | AR132: 0.23682171
C133: 角球 | E133: 领导力Leadership | G133: 强壮Strength | H133: 0.057421461 | L133: 角球 | N133: 领导力Leadership | O133: 0.031995104 | P133: 强壮Strength | AM133: 盘带Dribbling | AN133: 0.060077519 | AO133: 视野Vision | AP133: 0.069767442 | AQ133: 体质 | AR133: 0.046511628
C134: 界外球 | E134: 侵略性Aggression | G134: 速度Pace | H134: 0.23358425 | L134: 界外球 | N134: 侵略性Aggression | O134: 0.020677275 | P134: 速度Pace | AM134: 抢断Tackling | AN134: 0.035116279 | AO134: 团队合作Teamwork | AP134: 0.020155039 | AQ134: 稳定consistency | AR134: 0.0054263566
C135: 盘带Dribbling | D135: 0.082227662 | E135: 视野Vision | F135: 0.011995104 | G135: 体质 | H135: 0.017886577 | L135: 盘带Dribbling | N135: 视野Vision | P135: 体质 | AM135: 任意球 | AO135: 无球跑动Off The Ball | AP135: 0.0015503876 | AQ135: 大赛important Matches | AR135: 0.02248062
C136: 抢断Tackling | D136: 0.029514484 | E136: 团队合作Teamwork | G136: 稳定consistency | L136: 抢断Tackling | N136: 团队合作Teamwork | O136: 0.0087392901 | P136: 稳定consistency | Q136: 0.034165647 | AM136: 射门Finishing | AN136: 0.053488372 | AO136: 意志力Determination | AP136: 0.074418605 | AQ136: 抗压能力pressure | AR136: 0.18217054
C137: 任意球 | E137: 无球跑动Off The Ball | F137: 0.016336189 | G137: 大赛important Matches | L137: 任意球 | N137: 无球跑动Off The Ball | P137: 大赛important Matches | Q137: 0.029514484 | AM137: 停球First Touch | AN137: -0.0059431525 | AO137: 勇敢Bravery | AP137: -0.0015503876
C138: 射门Finishing | D138: 0.03967151 | E138: 意志力Determination | G138: 抗压能力pressure | L138: 射门Finishing | N138: 意志力Determination | O138: 0.047033864 | P138: 抗压能力pressure | Q138: 0.066723786 | AM138: 头球Heading | AN138: 0.022739018 | AO138: 预判Anticipation | AP138: 0.072868217
C139: 停球First Touch | D139: 0.037731538 | E139: 勇敢Bravery | L139: 停球First Touch | N139: 勇敢Bravery | O139: 0.013545492 | AM139: 远射Long Shots | AN139: 0.012403101 | AO139: 镇定Composure | AP139: 0.077131783
C140: 头球Heading | D140: 0.027809058 | E140: 预判Anticipation | F140: 0.054475724 | L140: 头球Heading | N140: 预判Anticipation
...

Sheet 数据
A1: 位​置/角​色/职​责 | C1: 球​员 | D1: 现​状 | F1: 疲劳值(N) | G1: 士​气 | H1: 位​置 | I1: 年​龄 | J1: 能​力 | K1: 潜​力 | L1: 传​球 | M1: 传​中 | N1: 盯​人 | O1: 点​球 | P1: 技​术 | Q1: 角​球 | R1: 界​外球 | S1: 盘​带 | T1: 抢​断 | U1: 任​意球 | V1: 射​门 | W1: 停​球 | X1: 头​球 | Y1: 远​射 | Z1: 才​华 | AA1: 位​置 | AB1: 投​入 | AC1: 集​中 | AD1: 决​断 | AE1: 领​导力 | AF1: 侵​略 | AG1: 视​野 | AH1: 合​作 | AI1: 无​球跑 | AJ1: 意​志 | AK1: 勇​敢 | AL1: 预​判 | AM1: 镇​定 | AN1: 爆​发 | AO1: 弹​跳 | AP1: 灵​活 | AQ1: 耐​力 | AR1: 平​衡 | AS1: 强​壮 | AT1: 速​度 | AU1: 体​质 | AV1: 稳​定 | AW1: 大​赛发​挥 | AX1: 抗​压 | AY1: 出​击 | AZ1: 开​球 | BA1: 反​应 | BB1: 拦​截传​中 | BC1: 击​球 | BD1: 手​控球 | BE1: 手​抛球 | BF1: 一​对一 | BG1: 意​外 | BH1: 指​挥 | BI1: 制​空 | BJ1: 平​均评​分 | BK1: 体​况 | BL1: 职​业素​养 | BM1: 出​场 | BN1: 总​体满​意度 | BO1: 总​联赛​进球 | BP1: 到​期 | BQ1: 训​练负​荷 | BR1: 总​体风​险
A2: - | C2: 汤姆·希顿 - 选​择球​员 | D2: 度​假 | E2: 1 | F2: 0 | G2: 有​点差 | H2: 门​将 | I2: 39 | J2: 120 | K2: 150 | L2: 12 | M2: 2 | N2: 2 | O2: 3 | P2: 8 | Q2: 2 | R2: 2 | S2: 2 | T2: 3 | U2: 5 | V2: 2 | W2: 8 | X2: 8 | Y2: 3 | Z2: 1 | AA2: 14 | AB2: 6 | AC2: 17 | AD2: 14 | AE2: 18 | AF2: 7 | AG2: 11 | AH2: 18 | AI2: 2 | AJ2: 13 | AK2: 14 | AL2: 12 | AM2: 10 | AN2: 5 | AO2: 14 | AP2: 11 | AQ2: 8 | AR2: 10 | AS2: 12 | AT2: 5 | AU2: 13 | AV2: 14 | AW2: 16 | AX2: 11 | AY2: 11 | AZ2: 10 | BA2: 12 | BB2: 15 | BC2: 5 | BD2: 13 | BE2: 11 | BF2: 12 | BG2: 6 | BH2: 16 | BI2: 14 | BJ2: - | BK2: 完​美 | BL2: 17 | BM2: - | BO2: - | BP2: 46203 | BQ2: 无 | BR2: 低​伤病​风险
A3: - | C3: 利桑德罗·马丁内斯 - 选​择球​员 | D3: 度​假 | E3: 1 | F3: 0 | G3: 稍​差 | H3: 后​卫 (左中) | I3: 27 | J3: 152 | K3: 160 | L3: 15 | M3: 9 | N3: 16 | O3: 10 | P3: 15 | Q3: 6 | R3: 12 | S3: 9 | T3: 16 | U3: 8 | V3: 7 | W3: 15 | X3: 13 | Y3: 6 | Z3: 10 | AA3: 16 | AB3: 15 | AC3: 14 | AD3: 13 | AE3: 14 | AF3: 18 | AG3: 14 | AH3: 14 | AI3: 8 | AJ3: 17 | AK3: 17 | AL3: 16 | AM3: 16 | AN3: 12 | AO3: 12 | AP3: 14 | AQ3: 15 | AR3: 14 | AS3: 15 | AT3: 12 | AU3: 15 | AV3: 13 | AW3: 11 | AX3: 14 | AY3: 3 | AZ3: 1 | BA3: 1 | BB3: 3 | BC3: 3 | BD3: 1 | BE3: 1 | BF3: 1 | BG3: 3 | BH3: 2 | BI3: 2 | BJ3: - | BK3: 完​美 | BL3: 14 | BM3: - | BO3: 10 | BP3: 46568 | BQ3: 无 | BR3: 低​伤病​风险
A4: - | C4: 瑟内·拉门斯 - 选​择球​员 | D4: 度​假 | E4: 1 | F4: 0 | G4: 很​好 | H4: 门​将 | I4: 22 | J4: 138 | K4: 155 | L4: 13 | M4: 2 | N4: 7 | O4: 1 | P4: 12 | Q4: 6 | R4: 2 | S4: 2 | T4: 13 | U4: 9 | V4: 1 | W4: 14 | X4: 12 | Y4: 3 | Z4: 1 | AA4: 13 | AB4: 13 | AC4: 14 | AD4: 13 | AE4: 12 | AF4: 5 | AG4: 11 | AH4: 12 | AI4: 12 | AJ4: 18 | AK4: 13 | AL4: 13 | AM4: 14 | AN4: 12 | AO4: 14 | AP4: 16 | AQ4: 12 | AR4: 10 | AS4: 11 | AT4: 11 | AU4: 12 | AV4: 14 | AW4: 13 | AX4: 14 | AY4: 10 | AZ4: 14 | BA4: 15 | BB4: 13 | BC4: 10 | BD4: 13 | BE4: 12 | BF4: 13 | BG4: 4 | BH4: 13 | BI4: 15 | BJ4: - | BK4: 完​美 | BL4: 15 | BM4: - | BO4: - | BP4: 47664 | BQ4: 无 | BR4: 低​伤病​风险
A5: - | C5: 卡塞米罗 - 选​择球​员 | D5: 度​假 | E5: 1 | F5: 0 | G5: 还​可以 | H5: 后​腰, 中​场 (中) | I5: 33 | J5: 146 | K5: 170 | L5: 14 | M5: 11 | N5: 14 | O5: 14 | P5: 14 | Q5: 9 | R5: 10 | S5: 10 | T5: 17 | U5: 10 | V5: 11 | W5: 15 | X5: 17 | Y5: 14 | Z5: 12 | AA5: 14 | AB5: 14 | AC5: 14 | AD5: 12 | AE5: 17 | AF5: 18 | AG5: 14 | AH5: 17 | AI5: 13 | AJ5: 17 | AK5: 17 | AL5: 17 | AM5: 11 | AN5: 9 | AO5: 15 | AP5: 10 | AQ5: 12 | AR5: 15 | AS5: 17 | AT5: 10 | AU5: 12 | AV5: 13 | AW5: 15 | AX5: 15 | AY5: 3 | AZ5: 1 | BA5: 2 | BB5: 3 | BC5: 2 | BD5: 1 | BE5: 1 | BF5: 3 | BG5: 2 | BH5: 3 | BI5: 3 | BJ5: - | BK5: 完​美 | BL5: 16 | BM5: - | BO5: 38 | BP5: 46203 | BQ5: 无 | BR5: 低​伤病​风险
A6: - | C6: 马特乌斯·库尼亚 - 选​择球​员 | D6: 度​假 | E6: 1 | F6: 0 | G6: 好 | H6: 攻​中场 (右左中), 前​锋 (中) | I6: 26 | J6: 152 | K6: 162 | L6: 14 | M6: 13 | N6: 4 | O6: 13 | P6: 16 | Q6: 13 | R6: 5 | S6: 18 | T6: 6 | U6: 13 | V6: 15 | W6: 12 | X6: 11 | Y6: 15 | Z6: 17 | AA6: 5 | AB6: 15 | AC6: 7 | AD6: 11 | AE6: 10 | AF6: 16 | AG6: 12 | AH6: 10 | AI6: 13 | AJ6: 16 | AK6: 15 | AL6: 11 | AM6: 14 | AN6: 15 | AO6: 12 | AP6: 15 | AQ6: 13 | AR6: 15 | AS6: 12 | AT6: 15 | AU6: 12 | AV6: 10 | AW6: 14 | AX6: 12 | AY6: 2 | AZ6: 2 | BA6: 2 | BB6: 2 | BC6: 3 | BD6: 2 | BE6: 1 | BF6: 2 | BG6: 2 | BH6: 3 | BI6: 2 | BJ6: - | BK6: 完​美 | BL6: 11 | BM6: - | BO6: 32 | BP6: 47664 | BQ6: 无 | BR6: 低​伤病​风险
A7: - | C7: 帕特里克·多尔古 - 选​择球​员 | D7: 度​假 | E7: 1 | F7: 0 | G7: 较​好 | H7: 后​卫/边翼​卫/中​场 (左), 攻​中场 (右) | I7: 20 | J7: 139 | K7: 158 | L7: 11 | M7: 12 | N7: 8 | O7: 10 | P7: 13 | Q7: 7 | R7: 7 | S7: 13 | T7: 12 | U7: 9 | V7: 11 | W7: 13 | X7: 10 | Y7: 7 | Z7: 11 | AA7: 11 | AB7: 15 | AC7: 13 | AD7: 9 | AE7: 7 | AF7: 14 | AG7: 10 | AH7: 13 | AI7: 15 | AJ7: 15 | AK7: 10 | AL7: 13 | AM7: 10 | AN7: 16 | AO7: 12 | AP7: 12 | AQ7: 15 | AR7: 11 | AS7: 14 | AT7: 16 | AU7: 13 | AV7: 12 | AW7: 12 | AX7: 6 | AY7: 1 | AZ7: 3 | BA7: 2 | BB7: 2 | BC7: 2 | BD7: 2 | BE7: 1 | BF7: 1 | BG7: 3 | BH7: 1 | BI7: 1 | BJ7: - | BK7: 完​美 | BL7: 13 | BM7: - | BO7: - | BP7: 47664 | BQ7: 无 | BR7: 低​伤病​风险
A8: - | C8: 哈里·马奎尔 - 选​择球​员 | D8: 度​假 | E8: 1 | F8: 0 | G8: 很​好 | H8: 后​卫 (中) | I8: 32 | J8: 148 | K8: 158 | L8: 13 | M8: 7 | N8: 15 | O8: 14 | P8: 13 | Q8: 5 | R8: 10 | S8: 10 | T8: 15 | U8: 8 | V8: 8 | W8: 14 | X8: 17 | Y8: 7 | Z8: 9 | AA8: 16 | AB8: 12 | AC8: 14 | AD8: 12 | AE8: 15 | AF8: 14 | AG8: 12 | AH8: 14 | AI8: 7 | AJ8: 11 | AK8: 17 | AL8: 14 | AM8: 13 | AN8: 10 | AO8: 17 | AP8: 13 | AQ8: 17 | AR8: 13 | AS8: 17 | AT8: 12 | AU8: 17 | AV8: 12 | AW8: 13 | AX8: 11 | AY8: 4 | AZ8: 2 | BA8: 2 | BB8: 3 | BC8: 2 | BD8: 3 | BE8: 3 | BF8: 2 | BG8: 2 | BH8: 2 | BI8: 2 | BJ8: - | BK8: 完​美 | BL8: 16 | BM8: - | BO8: 21 | BP8: 46203 | BQ8: 无 | BR8: 低​伤病​风险
A9: - | C9: 梅森·蒙特 - 选​择球​员 | D9: 度​假 | E9: 1 | F9: 0 | G9: 好 | H9: 中​场 (中), 攻​中场 (右左中) | I9: 26 | J9: 150 | K9: 165 | L9: 14 | M9: 12 | N9: 7 | O9: 15 | P9: 14 | Q9: 15 | R9: 4 | S9: 11 | T9: 10 | U9: 14 | V9: 13 | W9: 15 | X9: 6 | Y9: 12 | Z9: 13 | AA9: 14 | AB9: 19 | AC9: 14 | AD9: 14 | AE9: 10 | AF9: 15 | AG9: 12 | AH9: 18 | AI9: 16 | AJ9: 17 | AK9: 15 | AL9: 13 | AM9: 13 | AN9: 14 | AO9: 8 | AP9: 15 | AQ9: 18 | AR9: 11 | AS9: 10 | AT9: 15 | AU9: 13 | AV9: 12 | AW9: 14 | AX9: 14 | AY9: 1 | AZ9: 1 | BA9: 2 | BB9: 3 | BC9: 1 | BD9: 1 | BE9: 3 | BF9: 4 | BG9: 1 | BH9: 3 | BI9: 4 | BJ9: - | BK9: 完​美 | BL9: 16 | BM9: - | BO9: 43 | BP9: 46934 | BQ9: 无 | BR9: 低​伤病​风险
A10: - | C10: 德莫特·米 - 选​择球​员 | D10: 度​假 | E10: 0.95 | F10: 0 | G10: 差 | H10: 门​将 | I10: 22 | J10: 76 | K10: 94 | L10: 6 | M10: 1 | N10: 3 | O10: 3 | P10: 8 | Q10: 3 | R10: 3 | S10: 2 | T10: 1 | U10: 6 | V10: 2 | W10: 8 | X10: 2 | Y10: 1 | Z10: 1 | AA10: 11 | AB10: 7 | AC10: 10 | AD10: 9 | AE10: 7 | AF10: 11 | AG10: 4 | AH10: 9 | AI10: 3 | AJ10: 3 | AK10: 10 | AL10: 11 | AM10: 8 | AN10: 11 | AO10: 13 | AP10: 12 | AQ10: 7 | AR10: 10 | AS10: 8 | AT10: 7 | AU10: 7 | AV10: 19 | AW10: 15 | AX10: 13 | AY10: 8 | AZ10: 9 | BA10: 13 | BB10: 9 | BC10: 6 | BD10: 12 | BE10: 6 | BF10: 8 | BG10: 5 | BH10: 8 | BI10: 14 | BJ10: - | BK10: 优​秀 | BL10: 8 | BM10: - | BO10: - | BP10: 46203 | BQ10: 无 | BR10: 低​伤病​风险
A11: - | C11: 卢克·肖 - 选​择球​员 | D11: 度​假 | E11: 1 | F11: 0 | G11: 有​点差 | H11: 后​卫 (左中) | I11: 29 | J11: 152 | K11: 162 | L11: 15 | M11: 14 | N11: 14 | O11: 10 | P11: 14 | Q11: 15 | R11: 10 | S11: 14 | T11: 13 | U11: 14 | V11: 8 | W11: 15 | X11: 13 | Y11: 6 | Z11: 10 | AA11: 15 | AB11: 13 | AC11: 13 | AD11: 14 | AE11: 12 | AF11: 13 | AG11: 13 | AH11: 15 | AI11: 14 | AJ11: 10 | AK11: 13 | AL11: 15 | AM11: 15 | AN11: 14 | AO11: 14 | AP11: 15 | AQ11: 14 | AR11: 15 | AS11: 16 | AT11: 14 | AU11: 10 | AV11: 14 | AW11: 13 | AX11: 13 | AY11: 3 | AZ11: 3 | BA11: 1 | BB11: 1 | BC11: 3 | BD11: 1 | BE11: 1 | BF11: 1 | BG11: 1 | BH11: 1 | BI11: 2 | BJ11: - | BK11: 完​美 | BL11: 11 | BM11: - | BO11: 3 | BP11: 46568 | BQ11: 无 | BR11: 低​伤病​风险
A12: - | C12: 诺赛尔·马兹拉乌 - 选​择球​员 | D12: 度​假 | E12: 1 | F12: 0 | G12: 很​好 | H12: 后​卫 (右左中), 边翼​卫 (右) | I12: 27 | J12: 149 | K12: 155 | L12: 14 | M12: 12 | N12: 11 | O12: 10 | P12: 16 | Q12: 8 | R12: 12 | S12: 14 | T12: 14 | U12: 7 | V12: 9 | W12: 15 | X12: 11 | Y12: 12 | Z12: 15 | AA12: 12 | AB12: 16 | AC12: 12 | AD12: 14 | AE12: 12 | AF12: 13 | AG12: 14 | AH12: 16 | AI12: 14 | AJ12: 12 | AK12: 14 | AL12: 13 | AM12: 14 | AN12: 14 | AO12: 11 | AP12: 14 | AQ12: 15 | AR12: 12 | AS12: 10 | AT12: 14 | AU12: 13 | AV12: 13 | AW12: 12 | AX12: 12 | AY12: 2 | AZ12: 2 | BA12: 2 | BB12: 4 | BC12: 2 | BD12: 2 | BE12: 2 | BF12: 2 | BG12: 2 | BH12: 2 | BI12: 2 | BJ12: - | BK12: 完​美 | BL12: 12 | BM12: - | BO12: 19 | BP12: 46934 | BQ12: 无 | BR12: 低​伤病​风险
A13: - | C13: 马泰斯·德·莱特 - 选​择球​员 | D13: 度​假 | E13: 1 | F13: 0 | G13: 很​好 | H13: 后​卫 (中) | I13: 25 | J13: 155 | K13: 173 | L13: 13 | M13: 5 | N13: 16 | O13: 8 | P13: 12 | Q13: 4 | R13: 8 | S13: 9 | T13: 16 | U13: 8 | V13: 8 | W13: 12 | X13: 16 | Y13: 10 | Z13: 5 | AA13: 16 | AB13: 15 | AC13: 14 | AD13: 13 | AE13: 14 | AF13: 16 | AG13: 10 | AH13: 15 | AI13: 7 | AJ13: 16 | AK13: 18 | AL13: 14 | AM13: 11 | AN13: 12 | AO13: 16 | AP13: 15 | AQ13: 13 | AR13: 16 | AS13: 18 | AT13: 14 | AU13: 11 | AV13: 14 | AW13: 14 | AX13: 14 | AY13: 3 | AZ13: 2 | BA13: 3 | BB13: 3 | BC13: 3 | BD13: 1 | BE13: 2 | BF13: 1 | BG13: 1 | BH13: 3 | BI13: 2 | BJ13: - | BK13: 完​美 | BL13: 19 | BM13: - | BO13: 20 | BP13: 47299 | BQ13: 无 | BR13: 低​伤病​风险
A14: - | C14: 蒂雷尔·马拉西亚 - 选​择球​员 | D14: 度​假 | E14: 1 | F14: 0 | G14: 差 | H14: 后​卫 (左) | I14: 25 | J14: 134 | K14: 150 | L14: 12 | M14: 13 | N14: 14 | O14: 7 | P14: 13 | Q14: 7 | R14: 12 | S14: 12 | T14: 13 | U14: 9 | V14: 7 | W14: 13 | X14: 9 | Y14: 8 | Z14: 10 | AA14: 12 | AB14: 16 | AC14: 11 | AD14: 14 | AE14: 9 | AF14: 15 | AG14: 9 | AH14: 15 | AI14: 13 | AJ14: 16 | AK14: 15 | AL14: 12 | AM14: 13 | AN14: 15 | AO14: 8 | AP14: 16 | AQ14: 15 | AR14: 13 | AS14: 7 | AT14: 15 | AU14: 16 | AV14: 13 | AW14: 13 | AX14: 15 | AY14: 3 | AZ14: 2 | BA14: 3 | BB14: 2 | BC14: 1 | BD14: 1 | BE14: 3 | BF14: 3 | BG14: 2 | BH14: 2 | BI14: 1 | BJ14: - | BK14: 完​美 | BL14: 14 | BM14: - | BO14: 4 | BP14: 46203 | BQ14: 无 | BR14: 低​伤病​风险
A15: - | C15: 约书亚·奇科琦 - 选​择球​员 | D15: 度​假 | E15: 1 | F15: 0 | G15: 很​好 | H15: 攻​中场 (中), 前​锋 (中) | I15: 24 | J15: 142 | K15: 160 | L15: 16 | M15: 9 | N15: 5 | O15: 13 | P15: 18 | Q15: 4 | R15: 3 | S15: 17 | T15: 6 | U15: 11 | V15: 13 | W15: 15 | X15: 12 | Y15: 12 | Z15: 19 | AA15: 6 | AB15: 12 | AC15: 13 | AD15: 14 | AE15: 9 | AF15: 8 | AG15: 16 | AH15: 18 | AI15: 14 | AJ15: 13 | AK15: 9 | AL15: 15 | AM15: 13 | AN15: 12 | AO15: 13 | AP15: 13 | AQ15: 14 | AR15: 13 | AS15: 14 | AT15: 12 | AU15: 15 | AV15: 12 | AW15: 14 | AX15: 11 | AY15: 1 | AZ15: 1 | BA15: 1 | BB15: 3 | BC15: 3 | BD15: 3 | BE15: 2 | BF15: 3 | BG15: 1 | BH15: 1 | BI15: 2 | BJ15: - | BK15: 完​美 | BL15: 13 | BM15: - | BO15: 28 | BP15: 47299 | BQ15: 无 | BR15: 低​伤病​风险
A16: - | C16: 布鲁诺·费尔南德斯 - 选​择球​员 | D16: 度​假 | E16: 1 | F16: 0 | G16: 好 | H16: 后​腰, 中​场/攻​中场 (中) | I16: 30 | J16: 175 | K16: 176 | L16: 18 | M16: 16 | N16: 3 | O16: 19 | P16: 18 | Q16: 16 | R16: 3 | S16: 11 | T16: 8 | U16: 16 | V16: 15 | W16: 17 | X16: 9 | Y16: 15 | Z16: 17 | AA16: 7 | AB16: 18 | AC16: 13 | AD16: 13 | AE16: 17 | AF16: 18 | AG16: 18 | AH16: 15 | AI16: 16 | AJ16: 18 | AK16: 15 | AL16: 17 | AM16: 14 | AN16: 13 | AO16: 9 | AP16: 15 | AQ16: 20 | AR16: 13 | AS16: 10 | AT16: 13 | AU16: 20 | AV16: 14 | AW16: 12 | AX16: 14 | AY16: 3 | AZ16: 2 | BA16: 1 | BB16: 3 | BC16: 1 | BD16: 1 | BE16: 3 | BF16: 2 | BG16: 2 | BH16: 2 | BI16: 1 | BJ16: - | BK16: 完​美 | BL16: 18 | BM16: - | BO16: 103 | BP16: 46568 | BQ16: 无 | BR16: 低​伤病​风险
A17: - | C17: 阿马德·达里奥·特拉奥雷 - 选​择球​员 | D17: 度​假 | E17: 1 | F17: 0 | G17: 稍​差 | H17: 边翼​卫/中​场 (右), 攻​中场 (右中) | I17: 22 | J17: 150 | K17: 166 | L17: 15 | M17: 11 | N17: 6 | O17: 8 | P17: 16 | Q17: 15 | R17: 2 | S17: 15 | T17: 6 | U17: 12 | V17: 13 | W17: 16 | X17: 3 | Y17: 14 | Z17: 16 | AA17: 9 | AB17: 16 | AC17: 11 | AD17: 13 | AE17: 5 | AF17: 14 | AG17: 13 | AH17: 13 | AI17: 14 | AJ17: 17 | AK17: 12 | AL17: 12 | AM17: 14 | AN17: 16 | AO17: 6 | AP17: 15 | AQ17: 14 | AR17: 14 | AS17: 9 | AT17: 15 | AU17: 15 | AV17: 12 | AW17: 14 | AX17: 14 | AY17: 2 | AZ17: 2 | BA17: 3 | BB17: 3 | BC17: 3 | BD17: 1 | BE17: 2 | BF17: 1 | BG17: 2 | BH17: 1 | BI17: 3 | BJ17: - | BK17: 完​美 | BL17: 16 | BM17: - | BO17: 17 | BP17: 47664 | BQ17: 无 | BR17: 低​伤病​风险
A18: - | C18: 布里安·姆贝乌莫 - 选​择球​员 | D18: 度​假 | E18: 1 | F18: 0 | G18: 完​美 | H18: 攻​中场 (右左中), 前​锋 (中) | I18: 25 | J18: 155 | K18: 160 | L18: 13 | M18: 13 | N18: 6 | O18: 17 | P18: 15 | Q18: 12 | R18: 6 | S18: 15 | T18: 6 | U18: 12 | V18: 14 | W18: 17 | X18: 8 | Y18: 13 | Z18: 15 | AA18: 7 | AB18: 17 | AC18: 13 | AD18: 14 | AE18: 8 | AF18: 12 | AG18: 13 | AH18: 14 | AI18: 14 | AJ18: 17 | AK18: 13 | AL18: 13 | AM18: 15 | AN18: 15 | AO18: 8 | AP18: 16 | AQ18: 15 | AR18: 13 | AS18: 13 | AT18: 15 | AU18: 17 | AV18: 15 | AW18: 15 | AX18: 13 | AY18: 2 | AZ18: 2 | BA18: 4 | BB18: 3 | BC18: 1 | BD18: 1 | BE18: 1 | BF18: 3 | BG18: 3 | BH18: 2 | BI18: 3 | BJ18: - | BK18: 完​美 | BL18: 15 | BM18: - | BO18: 47 | BP18: 47664 | BQ18: 无 | BR18: 低​伤病​风险
A19: - | C19: 本杰明·塞斯卡 - 选​择球​员 | D19: 度​假 | E19: 1 | F19: 0 | G19: 还​不错 | H19: 前​锋 (中) | I19: 22 | J19: 148 | K19: 170 | L19: 12 | M19: 7 | N19: 7 | O19: 17 | P19: 14 | Q19: 3 | R19: 8 | S19: 14 | T19: 8 | U19: 10 | V19: 14 | W19: 13 | X19: 15 | Y19: 14 | Z19: 14 | AA19: 7 | AB19: 14 | AC19: 12 | AD19: 13 | AE19: 10 | AF19: 13 | AG19: 11 | AH19: 12 | AI19: 14 | AJ19: 15 | AK19: 14 | AL19: 14 | AM19: 12 | AN19: 14 | AO19: 17 | AP19: 15 | AQ19: 15 | AR19: 15 | AS19: 15 | AT19: 16 | AU19: 16 | AV19: 13 | AW19: 12 | AX19: 12 | AY19: 1 | AZ19: 3 | BA19: 3 | BB19: 1 | BC19: 1 | BD19: 1 | BE19: 2 | BF19: 3 | BG19: 1 | BH19: 3 | BI19: 3 | BJ19: - | BK19: 完​美 | BL19: 13 | BM19: - | BO19: 43 | BP19: 47664 | BQ19: 无 | BR19: 低​伤病​风险
A20: - | C20: 阿尔泰·贝蒂儿 - 选​择球​员 | D20: 度​假 | E20: 1 | F20: 0 | G20: 极​好 | H20: 门​将 | I20: 27 | J20: 125 | K20: 141 | L20: 12 | M20: 3 | N20: 3 | O20: 1 | P20: 10 | Q20: 5 | R20: 2 | S20: 2 | T20: 3 | U20: 9 | V20: 2 | W20: 11 | X20: 8 | Y20: 2 | Z20: 4 | AA20: 14 | AB20: 14 | AC20: 7 | AD20: 9 | AE20: 11 | AF20: 16 | AG20: 5 | AH20: 10 | AI20: 1 | AJ20: 12 | AK20: 10 | AL20: 15 | AM20: 10 | AN20: 13 | AO20: 17 | AP20: 19 | AQ20: 13 | AR20: 14 | AS20: 16 | AT20: 12 | AU20: 14 | AV20: 11 | AW20: 12 | AX20: 10 | AY20: 14 | AZ20: 15 | BA20: 15 | BB20: 8 | BC20: 13 | BD20: 15 | BE20: 12 | BF20: 15 | BG20: 13 | BH20: 10 | BI20: 16 | BJ20: - | BK20: 完​美 | BL20: 12 | BM20: - | BO20: - | BP20: 46568 | BQ20: 无 | BR20: 低​伤病​风险
A21: - | C21: 曼努埃尔·乌加特 - 选​择球​员 | D21: 度​假 | E21: 1 | F21: 0 | G21: 很​好 | H21: 后​腰, 中​场 (中) | I21: 24 | J21: 140 | K21: 152 | L21: 12 | M21: 8 | N21: 13 | O21: 7 | P21: 12 | Q21: 7 | R21: 10 | S21: 11 | T21: 18 | U21: 6 | V21: 8 | W21: 12 | X21: 10 | Y21: 9 | Z21: 12 | AA21: 13 | AB21: 17 | AC21: 15 | AD21: 12 | AE21: 10 | AF21: 18 | AG21: 8 | AH21: 17 | AI21: 8 | AJ21: 15 | AK21: 18 | AL21: 16 | AM21: 9 | AN21: 13 | AO21: 10 | AP21: 13 | AQ21: 17 | AR21: 16 | AS21: 14 | AT21: 13 | AU21: 17 | AV21: 12 | AW21: 14 | AX21: 13 | AY21: 1 | AZ21: 2 | BA21: 1 | BB21: 2 | BC21: 2 | BD21: 1 | BE21: 2 | BF21: 2 | BG21: 2 | BH21: 2 | BI21: 3 | BJ21: - | BK21: 完​美 | BL21: 15 | BM21: - | BO21: 3 | BP21: 47299 | BQ21: 无 | BR21: 低​伤病​风险
A22: - | C22: 迪奥戈·达洛特 - 选​择球​员 | D22: 度​假 | E22: 1 | F22: 0 | G22: 较​好 | H22: 后​卫 (右左), 边翼​卫 (右) | I22: 26 | J22: 144 | K22: 155 | L22: 13 | M22: 13 | N22: 12 | O22: 10 | P22: 14 | Q22: 8 | R22: 15 | S22: 13 | T22: 13 | U22: 6 | V22: 8 | W22: 14 | X22: 12 | Y22: 8 | Z22: 11 | AA22: 14 | AB22: 15 | AC22: 11 | AD22: 10 | AE22: 10 | AF22: 13 | AG22: 10 | AH22: 14 | AI22: 14 | AJ22: 13 | AK22: 12 | AL22: 13 | AM22: 12 | AN22: 14 | AO22: 13 | AP22: 16 | AQ22: 15 | AR22: 14 | AS22: 14 | AT22: 15 | AU22: 15 | AV22: 12 | AW22: 13 | AX22: 12 | AY22: 2 | AZ22: 4 | BA22: 1 | BB22: 1 | BC22: 1 | BD22: 3 | BE22: 1 | BF22: 2 | BG22: 3 | BH22: 1 | BI22: 3 | BJ22: - | BK22: 完​美 | BL22: 14 | BM22: - | BO22: 4 | BP22: 46934 | BQ22: 无 | BR22: 低​伤病​风险
A23: - | C23: 考比·梅诺 - 选​择球​员 | D23: 度​假 | E23: 1 | F23: 0 | G23: 较​差 | H23: 后​腰, 中​场/攻​中场 (中) | I23: 20 | J23: 147 | K23: 162 | L23: 14 | M23: 9 | N23: 9 | O23: 13 | P23: 16 | Q23: 9 | R23: 4 | S23: 14 | T23: 12 | U23: 8 | V23: 13 | W23: 15 | X23: 10 | Y23: 9 | Z23: 12 | AA23: 12 | AB23: 14 | AC23: 12 | AD23: 14 | AE23: 7 | AF23: 13 | AG23: 13 | AH23: 15 | AI23: 14 | AJ23: 13 | AK23: 13 | AL23: 14 | AM23: 16 | AN23: 13 | AO23: 12 | AP23: 14 | AQ23: 14 | AR23: 16 | AS23: 12 | AT23: 13 | AU23: 15 | AV23: 13 | AW23: 14 | AX23: 15 | AY23: 1 | AZ23: 2 | BA23: 3 | BB23: 4 | BC23: 1 | BD23: 1 | BE23: 3 | BF23: 1 | BG23: 1 | BH23: 2 | BI23: 3 | BJ23: - | BK23: 完​美 | BL23: 16 | BM23: - | BO23: - | BP23: 46568 | BQ23: 无 | BR23: 低​伤病​风险
A24: - | C24: 莱尼·约罗 - 选​择球​员 | D24: 度​假 | E24: 1 | F24: 0 | G24: 很​好 | H24: 后​卫 (中) | I24: 19 | J24: 142 | K24: 168 | L24: 13 | M24: 5 | N24: 13 | O24: 10 | P24: 13 | Q24: 5 | R24: 5 | S24: 12 | T24: 13 | U24: 5 | V24: 6 | W24: 14 | X24: 15 | Y24: 9 | Z24: 11 | AA24: 14 | AB24: 13 | AC24: 13 | AD24: 13 | AE24: 10 | AF24: 9 | AG24: 12 | AH24: 13 | AI24: 8 | AJ24: 16 | AK24: 13 | AL24: 14 | AM24: 14 | AN24: 16 | AO24: 15 | AP24: 15 | AQ24: 14 | AR24: 13 | AS24: 13 | AT24: 15 | AU24: 12 | AV24: 12 | AW24: 17 | AX24: 15 | AY24: 2 | AZ24: 2 | BA24: 2 | BB24: 2 | BC24: 3 | BD24: 4 | BE24: 4 | BF24: 3 | BG24: 1 | BH24: 2 | BI24: 3 | BJ24: - | BK24: 完​美 | BL24: 16 | BM24: - | BO24: - | BP24: 47299 | BQ24: 无 | BR24: 低​伤病​风险
A25: - | C25: 艾登·希文 - 选​择球​员 | D25: 度​假 | E25: 1 | F25: 0 | G25: 高​昂 | H25: 后​卫 (中), 后​腰 | I25: 18 | J25: 137 | K25: 150 | L25: 13 | M25: 6 | N25: 14 | O25: 7 | P25: 13 | Q25: 5 | R25: 10 | S25: 10 | T25: 14 | U25: 5 | V25: 5 | W25: 14 | X25: 13 | Y25: 3 | Z25: 5 | AA25: 13 | AB25: 13 | AC25: 11 | AD25: 13 | AE25: 7 | AF25: 10 | AG25: 9 | AH25: 14 | AI25: 7 | AJ25: 14 | AK25: 13 | AL25: 14 | AM25: 15 | AN25: 15 | AO25: 14 | AP25: 13 | AQ25: 14 | AR25: 15 | AS25: 13 | AT25: 15 | AU25: 15 | AV25: 13 | AW25: 9 | AX25: 15 | AY25: 1 | AZ25: 2 | BA25: 2 | BB25: 2 | BC25: 2 | BD25: 3 | BE25: 3 | BF25: 2 | BG25: 2 | BH25: 3 | BI25: 3 | BJ25: - | BK25: 完​美 | BL25: 13 | BM25: - | BO25: - | BP25: 47299 | BQ25: 无 | BR25: 低​伤病​风险
A26: 以上是曼联
A27: 位​置/角​色/职​责 | C27: 球​员 | D27: 现​状 | F27: 疲劳值(N) | G27: 士​气 | H27: 位​置 | I27: 年​龄 | J27: 能​力 | K27: 潜​力 | L27: 传​球 | M27: 传​中 | N27: 盯​人 | O27: 点​球 | P27: 技​术 | Q27: 角​球 | R27: 界​外球 | S27: 盘​带 | T27: 抢​断 | U27: 任​意球 | V27: 射​门 | W27: 停​球 | X27: 头​球 | Y27: 远​射 | Z27: 才​华 | AA27: 位​置 | AB27: 投​入 | AC27: 集​中 | AD27: 决​断 | AE27: 领​导力 | AF27: 侵​略 | AG27: 视​野 | AH27: 合​作 | AI27: 无​球跑 | AJ27: 意​志 | AK27: 勇​敢 | AL27: 预​判 | AM27: 镇​定 | AN27: 爆​发 | AO27: 弹​跳 | AP27: 灵​活 | AQ27: 耐​力 | AR27: 平​衡 | AS27: 强​壮 | AT27: 速​度 | AU27: 体​质 | AV27: 稳​定 | AW27: 大​赛发​挥 | AX27: 抗​压 | AY27: 出​击 | AZ27: 开​球 | BA27: 反​应 | BB27: 拦​截传​中 | BC27: 击​球 | BD27: 手​控球 | BE27: 手​抛球 | BF27: 一​对一 | BG27: 意​外 | BH27: 指​挥 | BI27: 制​空 | BJ27: 平​均评​分 | BK27: 体​况 | BL27: 职​业素​养 | BM27: 出​场 | BN27: 总​体满​意度 | BO27: 总​联赛​进球 | BP27: 到​期 | BQ27: 训​练负​荷 | BR27: 总​体风​险
A28: - | C28: 杰里米·多库 - 选​择球​员 | E28: 0.96 | F28: 0 | G28: 完​美 | H28: 攻​中场 (右左), 前​锋 (中) | I28: 23 | J28: 166 | K28: 175 | L28: 14 | M28: 12 | N28: 5 | O28: 14 | P28: 15 | Q28: 11 | R28: 5 | S28: 18 | T28: 7 | U28: 8 | V28: 11 | W28: 13 | X28: 5 | Y28: 9 | Z28: 17 | AA28: 8 | AB28: 14 | AC28: 13 | AD28: 16 | AE28: 6 | AF28: 13 | AG28: 13 | AH28: 15 | AI28: 13 | AJ28: 12 | AK28: 13 | AL28: 13 | AM28: 13 | AN28: 19 | AO28: 8 | AP28: 13 | AQ28: 13 | AR28: 13 | AS28: 14 | AT28: 16 | AU28: 15 | AV28: 14 | AW28: 13 | AX28: 13 | AY28: 1 | AZ28: 1 | BA28: 3 | BB28: 1 | BC28: 2 | BD28: 1 | BE28: 1 | BF28: 3 | BG28: 1 | BH28: 1 | BI28: 1 | BJ28: 7 | BK28: 完​美 | BL28: 11 | BM28: 0 (1) | BO28: 15 | BP28: 46934 | BQ28: 无 | BR28: 低​伤病​风险
A29: - | C29: 马特奥·科瓦契奇 - 选​择球​员 | E29: 0.95 | F29: 0 | G29: 好 | H29: 后​腰, 中​场 (中) | I29: 31 | J29: 151 | K29: 172 | L29: 14 | M29: 10 | N29: 12 | O29: 12 | P29: 16 | Q29: 10 | R29: 7 | S29: 16 | T29: 15 | U29: 12 | V29: 8 | W29: 16 | X29: 10 | Y29: 9 | Z29: 14 | AA29: 13 | AB29: 17 | AC29: 11 | AD29: 14 | AE29: 11 | AF29: 14 | AG29: 15 | AH29: 15 | AI29: 13 | AJ29: 17 | AK29: 14 | AL29: 15 | AM29: 17 | AN29: 15 | AO29: 9 | AP29: 13 | AQ29: 14 | AR29: 16 | AS29: 13 | AT29: 14 | AU29: 12 | AV29: 13 | AW29: 13 | AX29: 14 | AY29: 1 | AZ29: 2 | BA29: 1 | BB29: 2 | BC29: 1 | BD29: 2 | BE29: 2 | BF29: 1 | BG29: 3 | BH29: 1 | BI29: 2 | BJ29: 6.5 | BK29: 优​秀 | BL29: 16 | BM29: 0 (2) | BO29: 16 | BP29: 46568 | BQ29: 无 | BR29: 低​伤病​风险
A30: - | C30: 约什科·格瓦迪奥尔 - 选​择球​员 | E30: 0.91 | F30: 0 | G30: 完​美 | H30: 后​卫 (左中), 边翼​卫 (左) | I30: 23 | J30: 159 | K30: 180 | L30: 16 | M30: 12 | N30: 14 | O30: 7 | P30: 14 | Q30: 2 | R30: 12 | S30: 13 | T30: 14 | U30: 6 | V30: 12 | W30: 14 | X30: 15 | Y30: 8 | Z30: 13 | AA30: 14 | AB30: 16 | AC30: 15 | AD30: 14 | AE30: 13 | AF30: 15 | AG30: 15 | AH30: 15 | AI30: 13 | AJ30: 17 | AK30: 17 | AL30: 14 | AM30: 16 | AN30: 14 | AO30: 13 | AP30: 16 | AQ30: 15 | AR30: 15 | AS30: 16 | AT30: 15 | AU30: 15 | AV30: 14 | AW30: 16 | AX30: 18 | AY30: 1 | AZ30: 2 | BA30: 1 | BB30: 1 | BC30: 2 | BD30: 1 | BE30: 2 | BF30: 1 | BG30: 2 | BH30: 1 | BI30: 3 | BJ30: 7.6 | BK30: 优​秀 | BL30: 16 | BM30: 2 | BO30: 6 | BP30: 46934 | BQ30: 无 | BR30: 低​伤病​风险
A31: - | C31: 马库斯·贝蒂奈里 - 选​择球​员 | D31: 注​册 | E31: 1 | F31: 0 | G31: 高​昂 | H31: 门​将 | I31: 33 | J31: 117 | K31: 130 | L31: 12 | M31: 3 | N31: 5 | O31: 1 | P31: 8 | Q31: 3 | R31: 14 | S31: 5 | T31: 5 | U31: 7 | V31: 2 | W31: 9 | X31: 6 | Y31: 3 | Z31: 3 | AA31: 14 | AB31: 11 | AC31: 13 | AD31: 11 | AE31: 13 | AF31: 11 | AG31: 6 | AH31: 14 | AI31: 2 | AJ31: 18 | AK31: 14 | AL31: 14 | AM31: 10 | AN31: 10 | AO31: 16 | AP31: 9 | AQ31: 11 | AR31: 12 | AS31: 13 | AT31: 6 | AU31: 8 | AV31: 9 | AW31: 10 | AX31: 12 | AY31: 11 | AZ31: 13 | BA31: 13 | BB31: 12 | BC31: 14 | BD31: 11 | BE31: 12 | BF31: 12 | BG31: 5 | BH31: 12 | BI31: 15 | BJ31: - | BK31: 完​美 | BL31: 15 | BM31: - | BO31: - | BP31: 46203 | BQ31: 无 | BR31: 低​伤病​风险
A32: - | C32: 约翰·斯通斯 - 选​择球​员 | D32: 受​伤 | E32: 0.76 | F32: 0 | G32: 高​昂 | H32: 后​卫 (右中), 后​腰 | I32: 31 | J32: 162 | K32: 170 | L32: 16 | M32: 6 | N32: 13 | O32: 12 | P32: 16 | Q32: 4 | R32: 8 | S32: 14 | T32: 16 | U32: 5 | V32: 8 | W32: 14 | X32: 14 | Y32: 6 | Z32: 12 | AA32: 15 | AB32: 17 | AC32: 16 | AD32: 15 | AE32: 13 | AF32: 13 | AG32: 14 | AH32: 16 | AI32: 15 | AJ32: 13 | AK32: 17 | AL32: 15 | AM32: 17 | AN32: 14 | AO32: 16 | AP32: 13 | AQ32: 15 | AR32: 12 | AS32: 15 | AT32: 15 | AU32: 15 | AV32: 16 | AW32: 14 | AX32: 14 | AY32: 3 | AZ32: 1 | BA32: 3 | BB32: 1 | BC32: 1 | BD32: 3 | BE32: 1 | BF32: 2 | BG32: 2 | BH32: 1 | BI32: 2 | BJ32: 6.5 | BK32: 出​色 | BL32: 15 | BM32: 1 | BO32: 8 | BP32: 46203 | BQ32: 无 | BR32: 低​伤病​风险
A33: - | C33: 马科·盖希 - 选​择球​员 | E33: 0.92 | F33: 0 | G33: 超​凡 | H33: 后​卫 (中) | I33: 24 | J33: 165 | K33: 168 | L33: 14 | M33: 12 | N33: 16 | O33: 7 | P33: 15 | Q33: 5 | R33: 9 | S33: 14 | T33: 15 | U33: 7 | V33: 8 | W33: 15 | X33: 14 | Y33: 8 | Z33: 11 | AA33: 15 | AB33: 14 | AC33: 14 | AD33: 15 | AE33: 17 | AF33: 11 | AG33: 13 | AH33: 15 | AI33: 10 | AJ33: 17 | AK33: 14 | AL33: 15 | AM33: 15 | AN33: 15 | AO33: 14 | AP33: 14 | AQ33: 15 | AR33: 15 | AS33: 14 | AT33: 14 | AU33: 16 | AV33: 16 | AW33: 14 | AX33: 15 | AY33: 3 | AZ33: 2 | BA33: 1 | BB33: 1 | BC33: 3 | BD33: 3 | BE33: 2 | BF33: 3 | BG33: 2 | BH33: 1 | BI33: 3 | BJ33: 7.35 | BK33: 优​秀 | BL33: 18 | BM33: 2 | BO33: 3 | BP33: 48029 | BQ33: 无 | BR33: 低​伤病​风险
A34: - | C34: 菲尔·福登 - 选​择球​员 | E34: 0.88 | F34: 0 | G34: 完​美 | H34: 中​场 (中), 攻​中场 (右左中) | I34: 25 | J34: 169 | K34: 180 | L34: 17 | M34: 13 | N34: 8 | O34: 12 | P34: 17 | Q34: 13 | R34: 5 | S34: 17 | T34: 8 | U34: 13 | V34: 14 | W34: 17 | X34: 8 | Y34: 13 | Z34: 16 | AA34: 11 | AB34: 14 | AC34: 15 | AD34: 14 | AE34: 8 | AF34: 7 | AG34: 17 | AH34: 15 | AI34: 16 | AJ34: 14 | AK34: 13 | AL34: 14 | AM34: 16 | AN34: 16 | AO34: 7 | AP34: 15 | AQ34: 14 | AR34: 15 | AS34: 9 | AT34: 16 | AU34: 14 | AV34: 13 | AW34: 16 | AX34: 12 | AY34: 3 | AZ34: 2 | BA34: 1 | BB34: 3 | BC34: 2 | BD34: 2 | BE34: 1 | BF34: 3 | BG34: 2 | BH34: 2 | BI34: 3 | BJ34: 8.7 | BK34: 优​秀 | BL34: 14 | BM34: 1 | BO34: 35 | BP34: 46568 | BQ34: 无 | BR34: 低​伤病​风险
A35: - | C35: 詹姆斯·特拉福德 - 选​择球​员 | E35: 1 | F35: 0 | G35: 完​美 | H35: 门​将 | I35: 22 | J35: 138 | K35: 154 | L35: 11 | M35: 1 | N35: 2 | O35: 1 | P35: 13 | Q35: 2 | R35: 2 | S35: 5 | T35: 1 | U35: 5 | V35: 2 | W35: 9 | X35: 5 | Y35: 3 | Z35: 10 | AA35: 15 | AB35: 12 | AC35: 14 | AD35: 11 | AE35: 12 | AF35: 11 | AG35: 12 | AH35: 13 | AI35: 2 | AJ35: 12 | AK35: 14 | AL35: 11 | AM35: 11 | AN35: 13 | AO35: 15 | AP35: 12 | AQ35: 13 | AR35: 15 | AS35: 13 | AT35: 13 | AU35: 15 | AV35: 14 | AW35: 14 | AX35: 13 | AY35: 13 | AZ35: 14 | BA35: 15 | BB35: 13 | BC35: 12 | BD35: 13 | BE35: 14 | BF35: 14 | BG35: 11 | BH35: 12 | BI35: 15 | BJ35: - | BK35: 完​美 | BL35: 14 | BM35: - | BO35: - | BP35: 47664 | BQ35: 无 | BR35: 低​伤病​风险
A36: - | C36: 埃尔林·哈兰德 - 选​择球​员 | E36: 0.94 | F36: 0 | G36: 完​美 | H36: 前​锋 (中) | I36: 24 | J36: 184 | K36: 195 | L36: 13 | M36: 10 | N36: 6 | O36: 17 | P36: 14 | Q36: 7 | R36: 5 | S36: 14 | T36: 7 | U36: 13 | V36: 18 | W36: 13 | X36: 15 | Y36: 13 | Z36: 16 | AA36: 7 | AB36: 13 | AC36: 15 | AD36: 15 | AE36: 13 | AF36: 15 | AG36: 14 | AH36: 14 | AI36: 18 | AJ36: 20 | AK36: 15 | AL36: 19 | AM36: 17 | AN36: 17 | AO36: 18 | AP36: 17 | AQ36: 14 | AR36: 17 | AS36: 17 | AT36: 19 | AU36: 19 | AV36: 16 | AW36: 14 | AX36: 18 | AY36: 1 | AZ36: 1 | BA36: 1 | BB36: 3 | BC36: 3 | BD36: 1 | BE36: 3 | BF36: 2 | BG36: 1 | BH36: 2 | BI36: 2 | BJ36: 7.1 | BK36: 优​秀 | BL36: 17 | BM36: 1 (1) | BO36: 147 | BP36: 49125 | BQ36: 无 | BR36: 低​伤病​风险
A37: - | C37: 安托万·赛门约 - 选​择球​员 | D37: 兴​趣 | E37: 1 | F37: 0 | G37: 较​好 | H37: 攻​中场 (右左), 前​锋 (中) | I37: 25 | J37: 158 | K37: 161 | L37: 12 | M37: 11 | N37: 5 | O37: 10 | P37: 15 | Q37: 6 | R37: 14 | S37: 16 | T37: 7 | U37: 7 | V37: 16 | W37: 16 | X37: 10 | Y37: 13 | Z37: 17 | AA37: 7 | AB37: 12 | AC37: 11 | AD37: 13 | AE37: 8 | AF37: 14 | AG37: 13 | AH37: 13 | AI37: 15 | AJ37: 13 | AK37: 12 | AL37: 12 | AM37: 15 | AN37: 16 | AO37: 11 | AP37: 16 | AQ37: 14 | AR37: 14 | AS37: 14 | AT37: 15 | AU37: 14 | AV37: 13 | AW37: 11 | AX37: 9 | AY37: 3 | AZ37: 1 | BA37: 1 | BB37: 2 | BC37: 1 | BD37: 2 | BE37: 2 | BF37: 3 | BG37: 1 | BH37: 3 | BI37: 3 | BJ37: - | BK37: 完​美 | BL37: 12 | BM37: - | BO37: 23 | BP37: 48029 | BQ37: 无 | BR37: 低​伤病​风险
A38: - | C38: 内森·奥科 - 选​择球​员 | D38: 兴​趣 | E38: 1 | F38: 0 | G38: 好 | H38: 后​卫 (左中), 后​腰 | I38: 30 | J38: 153 | K38: 164 | L38: 14 | M38: 10 | N38: 16 | O38: 3 | P38: 14 | Q38: 2 | R38: 10 | S38: 13 | T38: 15 | U38: 6 | V38: 8 | W38: 14 | X38: 15 | Y38: 10 | Z38: 6 | AA38: 15 | AB38: 16 | AC38: 15 | AD38: 14 | AE38: 13 | AF38: 12 | AG38: 13 | AH38: 14 | AI38: 5 | AJ38: 15 | AK38: 16 | AL38: 14 | AM38: 15 | AN38: 15 | AO38: 12 | AP38: 15 | AQ38: 15 | AR38: 13 | AS38: 15 | AT38: 14 | AU38: 14 | AV38: 16 | AW38: 15 | AX38: 12 | AY38: 1 | AZ38: 3 | BA38: 3 | BB38: 2 | BC38: 3 | BD38: 2 | BE38: 3 | BF38: 2 | BG38: 2 | BH38: 1 | BI38: 1 | BJ38: - | BK38: 完​美 | BL38: 15 | BM38: - | BO38: 16 | BP38: 46568 | BQ38: 无 | BR38: 低​伤病​风险
A39: - | C39: 提亚尼·雷吉恩德斯 - 选​择球​员 | E39: 1 | F39: 0 | G39: 很​好 | H39: 后​腰, 中​场/攻​中场 (中) | I39: 26 | J39: 158 | K39: 165 | L39: 15 | M39: 12 | N39: 10 | O39: 12 | P39: 15 | Q39: 13 | R39: 8 | S39: 14 | T39: 8 | U39: 12 | V39: 14 | W39: 15 | X39: 11 | Y39: 15 | Z39: 14 | AA39: 11 | AB39: 14 | AC39: 15 | AD39: 14 | AE39: 12 | AF39: 8 | AG39: 16 | AH39: 16 | AI39: 16 | AJ39: 13 | AK39: 13 | AL39: 14 | AM39: 14 | AN39: 14 | AO39: 11 | AP39: 15 | AQ39: 15 | AR39: 14 | AS39: 12 | AT39: 14 | AU39: 15 | AV39: 14 | AW39: 13 | AX39: 14 | AY39: 3 | AZ39: 1 | BA39: 2 | BB39: 3 | BC39: 2 | BD39: 3 | BE39: 3 | BF39: 2 | BG39: 2 | BH39: 2 | BI39: 3 | BJ39: - | BK39: 完​美 | BL39: 15 | BM39: - | BO39: 26 | BP39: 47664 | BQ39: 无 | BR39: 低​伤病​风险
A40: - | C40: 詹路易吉·多纳鲁马 - 选​择球​员 | E40: 0.95 | F40: 0 | G40: 完​美 | H40: 门​将 | I40: 26 | J40: 170 | K40: 170 | L40: 13 | M40: 2 | N40: 3 | O40: 6 | P40: 7 | Q40: 7 | R40: 8 | S40: 6 | T40: 7 | U40: 8 | V40: 3 | W40: 10 | X40: 8 | Y40: 1 | Z40: 6 | AA40: 17 | AB40: 14 | AC40: 16 | AD40: 16 | AE40: 14 | AF40: 12 | AG40: 9 | AH40: 16 | AI40: 2 | AJ40: 15 | AK40: 16 | AL40: 17 | AM40: 15 | AN40: 11 | AO40: 19 | AP40: 9 | AQ40: 16 | AR40: 18 | AS40: 17 | AT40: 12 | AU40: 15 | AV40: 15 | AW40: 15 | AX40: 15 | AY40: 11 | AZ40: 15 | BA40: 19 | BB40: 16 | BC40: 15 | BD40: 17 | BE40: 14 | BF40: 18 | BG40: 9 | BH40: 15 | BI40: 16 | BJ40: 7.75 | BK40: 优​秀 | BL40: 14 | BM40: 2 | BO40: - | BP40: 47664 | BQ40: 无 | BR40: 低​伤病​风险
A41: - | C41: 莱恩·埃特-努里 - 选​择球​员 | D41: 兴​趣 | E41: 0.98 | F41: 0 | G41: 较​好 | H41: 后​卫/边翼​卫 (左) | I41: 24 | J41: 141 | K41: 153 | L41: 13 | M41: 14 | N41: 12 | O41: 8 | P41: 15 | Q41: 11 | R41: 8 | S41: 17 | T41: 15 | U41: 7 | V41: 10 | W41: 15 | X41: 11 | Y41: 9 | Z41: 18 | AA41: 14 | AB41: 13 | AC41: 12 | AD41: 13 | AE41: 7 | AF41: 11 | AG41: 13 | AH41: 12 | AI41: 14 | AJ41: 15 | AK41: 13 | AL41: 13 | AM41: 15 | AN41: 14 | AO41: 10 | AP41: 16 | AQ41: 14 | AR41: 13 | AS41: 11 | AT41: 15 | AU41: 13 | AV41: 14 | AW41: 11 | AX41: 12 | AY41: 2 | AZ41: 2 | BA41: 1 | BB41: 2 | BC41: 2 | BD41: 2 | BE41: 2 | BF41: 2 | BG41: 1 | BH41: 1 | BI41: 1 | BJ41: - | BK41: 完​美 | BL41: 13 | BM41: - | BO41: 3 | BP41: 47664 | BQ41: 无 | BR41: 低​伤病​风险
A42: - | C42: 莱恩·切尔基 - 选​择球​员 | D42: 兴​趣 | E42: 0.95 | F42: 0 | G42: 完​美 | H42: 攻​中场 (右左中), 前​锋 (中) | I42: 21 | J42: 160 | K42: 174 | L42: 16 | M42: 14 | N42: 3 | O42: 11 | P42: 17 | Q42: 14 | R42: 3 | S42: 18 | T42: 3 | U42: 14 | V42: 12 | W42: 17 | X42: 4 | Y42: 10 | Z42: 18 | AA42: 7 | AB42: 12 | AC42: 10 | AD42: 13 | AE42: 11 | AF42: 8 | AG42: 17 | AH42: 12 | AI42: 12 | AJ42: 13 | AK42: 12 | AL42: 9 | AM42: 15 | AN42: 14 | AO42: 6 | AP42: 14 | AQ42: 12 | AR42: 13 | AS42: 13 | AT42: 14 | AU42: 13 | AV42: 14 | AW42: 14 | AX42: 15 | AY42: 2 | AZ42: 2 | BA42: 1 | BB42: 1 | BC42: 3 | BD42: 1 | BE42: 2 | BF42: 2 | BG42: 1 | BH42: 1 | BI42: 3 | BJ42: 6.6 | BK42: 优​秀 | BL42: 13 | BM42: 1 | BO42: 5 | BP42: 47664 | BQ42: 无 | BR42: 低​伤病​风险
A43: - | C43: 伯纳多·席尔瓦 - 选​择球​员 | D43: 国​家/地​区 | E43: 0.91 | F43: 0 | G43: 高​昂 | H43: 中​场/攻​中场 (右中) | I43: 30 | J43: 164 | K43: 180 | L43: 17 | M43: 15 | N43: 12 | O43: 13 | P43: 18 | Q43: 14 | R43: 2 | S43: 17 | T43: 8 | U43: 13 | V43: 15 | W43: 17 | X43: 10 | Y43: 13 | Z43: 17 | AA43: 13 | AB43: 20 | AC43: 14 | AD43: 14 | AE43: 14 | AF43: 13 | AG43: 17 | AH43: 17 | AI43: 17 | AJ43: 16 | AK43: 15 | AL43: 16 | AM43: 16 | AN43: 13 | AO43: 7 | AP43: 13 | AQ43: 16 | AR43: 16 | AS43: 9 | AT43: 12 | AU43: 17 | AV43: 16 | AW43: 16 | AX43: 13 | AY43: 3 | AZ43: 4 | BA43: 1 | BB43: 1 | BC43: 4 | BD43: 2 | BE43: 3 | BF43: 2 | BG43: 2 | BH43: 3 | BI43: 1 | BJ43: 8.15 | BK43: 优​秀 | BL43: 17 | BM43: 2 | BO43: 64 | BP43: 46203 | BQ43: 无 | BR43: 低​伤病​风险
A44: - | C44: 鲁本·迪亚西 - 选​择球​员 | D44: 国​家/地​区 | E44: 0.92 | F44: 0 | G44: 完​美 | H44: 后​卫 (中) | I44: 28 | J44: 168 | K44: 177 | L44: 13 | M44: 11 | N44: 17 | O44: 8 | P44: 13 | Q44: 4 | R44: 5 | S44: 12 | T44: 17 | U44: 5 | V44: 6 | W44: 13 | X44: 15 | Y44: 4 | Z44: 8 | AA44: 16 | AB44: 17 | AC44: 14 | AD44: 15 | AE44: 17 | AF44: 16 | AG44: 13 | AH44: 16 | AI44: 8 | AJ44: 18 | AK44: 18 | AL44: 16 | AM44: 15 | AN44: 13 | AO44: 16 | AP44: 13 | AQ44: 18 | AR44: 12 | AS44: 16 | AT44: 13 | AU44: 18 | AV44: 17 | AW44: 16 | AX44: 16 | AY44: 3 | AZ44: 2 | BA44: 2 | BB44: 2 | BC44: 3 | BD44: 3 | BE44: 2 | BF44: 2 | BG44: 3 | BH44: 4 | BI44: 3 | BJ44: 7.35 | BK44: 优​秀 | BL44: 18 | BM44: 2 | BO44: 12 | BP44: 47299 | BQ44: 无 | BR44: 低​伤病​风险
A45: - | C45: 罗德里 - 选​择球​员 | E45: 0.91 | F45: 0 | G45: 完​美 | H45: 后​卫 (中), 后​腰 | I45: 29 | J45: 180 | K45: 180 | L45: 16 | M45: 8 | N45: 13 | O45: 8 | P45: 14 | Q45: 4 | R45: 7 | S45: 13 | T45: 17 | U45: 8 | V45: 13 | W45: 15 | X45: 13 | Y45: 15 | Z45: 9 | AA45: 17 | AB45: 16 | AC45: 17 | AD45: 18 | AE45: 13 | AF45: 13 | AG45: 16 | AH45: 16 | AI45: 14 | AJ45: 13 | AK45: 15 | AL45: 17 | AM45: 20 | AN45: 14 | AO45: 17 | AP45: 14 | AQ45: 17 | AR45: 12 | AS45: 16 | AT45: 13 | AU45: 16 | AV45: 18 | AW45: 18 | AX45: 15 | AY45: 1 | AZ45: 4 | BA45: 3 | BB45: 2 | BC45: 1 | BD45: 2 | BE45: 2 | BF45: 1 | BG45: 1 | BH45: 3 | BI45: 3 | BJ45: 7.1 | BK45: 优​秀 | BL45: 18 | BM45: 2 | BO45: 19 | BP45: 46568 | BQ45: 无 | BR45: 低​伤病​风险
A46: - | C46: 尼科 - 选​择球​员 | D46: 国​家/地​区 | E46: 0.92 | F46: 0 | G46: 完​美 | H46: 后​腰, 中​场/攻​中场 (中) | I46: 23 | J46: 155 | K46: 166 | L46: 16 | M46: 8 | N46: 11 | O46: 8 | P46: 16 | Q46: 6 | R46: 5 | S46: 14 | T46: 13 | U46: 8 | V46: 11 | W46: 16 | X46: 12 | Y46: 10 | Z46: 14 | AA46: 14 | AB46: 14 | AC46: 13 | AD46: 15 | AE46: 11 | AF46: 14 | AG46: 15 | AH46: 14 | AI46: 13 | AJ46: 14 | AK46: 10 | AL46: 14 | AM46: 17 | AN46: 13 | AO46: 13 | AP46: 13 | AQ46: 16 | AR46: 16 | AS46: 14 | AT46: 13 | AU46: 15 | AV46: 16 | AW46: 15 | AX46: 14 | AY46: 1 | AZ46: 2 | BA46: 4 | BB46: 1 | BC46: 2 | BD46: 4 | BE46: 3 | BF46: 2 | BG46: 1 | BH46: 2 | BI46: 1 | BJ46: 6.9 | BK46: 优​秀 | BL46: 16 | BM46: 1 (1) | BO46: 3 | BP46: 47299 | BQ46: 无 | BR46: 低​伤病​风险
A47: - | C47: 马特乌斯 - 选​择球​员 | E47: 0.9 | F47: 0 | G47: 完​美 | H47: 后​卫/边翼​卫 (右), 中​场 (中), 攻​中场 (右中) | I47: 26 | J47: 157 | K47: 157 | L47: 13 | M47: 16 | N47: 9 | O47: 11 | P47: 15 | Q47: 13 | R47: 12 | S47: 14 | T47: 11 | U47: 11 | V47: 12 | W47: 14 | X47: 10 | Y47: 13 | Z47: 15 | AA47: 12 | AB47: 16 | AC47: 16 | AD47: 13 | AE47: 8 | AF47: 15 | AG47: 14 | AH47: 16 | AI47: 14 | AJ47: 15 | AK47: 16 | AL47: 13 | AM47: 14 | AN47: 14 | AO47: 12 | AP47: 16 | AQ47: 15 | AR47: 13 | AS47: 14 | AT47: 15 | AU47: 17 | AV47: 15 | AW47: 17 | AX47: 17 | AY47: 3 | AZ47: 3 | BA47: 2 | BB47: 4 | BC47: 3 | BD47: 2 | BE47: 2 | BF47: 2 | BG47: 1 | BH47: 1 | BI47: 3 | BJ47: 7.25 | BK47: 优​秀 | BL47: 18 | BM47: 2 | BO47: 10 | BP47: 46934 | BQ47: 无 | BR47: 低​伤病​风险
A48: - | C48: 奥马尔·马尔冒斯 - 选​择球​员 | E48: 0.88 | F48: 0 | G48: 优​秀 | H48: 攻​中场 (右左中), 前​锋 (中) | I48: 26 | J48: 163 | K48: 168 | L48: 13 | M48: 12 | N48: 7 | O48: 16 | P48: 15 | Q48: 15 | R48: 6 | S48: 16 | T48: 8 | U48: 18 | V48: 14 | W48: 14 | X48: 11 | Y48: 14 | Z48: 16 | AA48: 7 | AB48: 15 | AC48: 13 | AD48: 14 | AE48: 12 | AF48: 13 | AG48: 15 | AH48: 13 | AI48: 16 | AJ48: 16 | AK48: 11 | AL48: 16 | AM48: 16 | AN48: 16 | AO48: 11 | AP48: 16 | AQ48: 13 | AR48: 15 | AS48: 13 | AT48: 16 | AU48: 14 | AV48: 13 | AW48: 14 | AX48: 15 | AY48: 1 | AZ48: 1 | BA48: 1 | BB48: 3 | BC48: 2 | BD48: 3 | BE48: 3 | BF48: 1 | BG48: 1 | BH48: 1 | BI48: 3 | BJ48: 7.1 | BK48: 优​秀 | BL48: 16 | BM48: 1 | BO48: 28 | BP48: 47299 | BQ48: 无 | BR48: 低​伤病​风险
A49: - | C49: 萨维尼奥 - 选​择球​员 | D49: 兴​趣 | E49: 1 | F49: 0 | G49: 较​好 | H49: 攻​中场 (右左) | I49: 21 | J49: 151 | K49: 170 | L49: 14 | M49: 14 | N49: 5 | O49: 10 | P49: 17 | Q49: 13 | R49: 11 | S49: 17 | T49: 4 | U49: 12 | V49: 10 | W49: 18 | X49: 3 | Y49: 9 | Z49: 18 | AA49: 5 | AB49: 14 | AC49: 12 | AD49: 13 | AE49: 12 | AF49: 8 | AG49: 15 | AH49: 12 | AI49: 15 | AJ49: 15 | AK49: 6 | AL49: 13 | AM49: 12 | AN49: 17 | AO49: 8 | AP49: 16 | AQ49: 13 | AR49: 14 | AS49: 7 | AT49: 16 | AU49: 13 | AV49: 12 | AW49: 5 | AX49: 13 | AY49: 3 | AZ49: 2 | BA49: 1 | BB49: 3 | BC49: 3 | BD49: 1 | BE49: 1 | BF49: 1 | BG49: 2 | BH49: 2 | BI49: 2 | BJ49: - | BK49: 完​美 | BL49: 12 | BM49: - | BO49: 3 | BP49: 47299 | BQ49: 无 | BR49: 低​伤病​风险
A50: - | C50: 里科·刘易斯 - 选​择球​员 | E50: 0.96 | F50: 0 | G50: 完​美 | H50: 后​卫/边翼​卫 (右), 后​腰, 中​场 (中) | I50: 20 | J50: 145 | K50: 155 | L50: 13 | M50: 10 | N50: 12 | O50: 12 | P50: 13 | Q50: 4 | R50: 10 | S50: 13 | T50: 13 | U50: 6 | V50: 8 | W50: 13 | X50: 12 | Y50: 5 | Z50: 12 | AA50: 15 | AB50: 16 | AC50: 13 | AD50: 14 | AE50: 12 | AF50: 15 | AG50: 12 | AH50: 13 | AI50: 13 | AJ50: 17 | AK50: 17 | AL50: 12 | AM50: 14 | AN50: 15 | AO50: 8 | AP50: 15 | AQ50: 15 | AR50: 13 | AS50: 13 | AT50: 14 | AU50: 13 | AV50: 13 | AW50: 14 | AX50: 14 | AY50: 3 | AZ50: 1 | BA50: 2 | BB50: 2 | BC50: 3 | BD50: 1 | BE50: 1 | BF50: 2 | BG50: 1 | BH50: 1 | BI50: 2 | BJ50: 8.6 | BK50: 完​美 | BL50: 16 | BM50: 1 | BO50: - | BP50: 47664 | BQ50: 无 | BR50: 低​伤病​风险
A51: - | C51: 李·奥赖利 - 选​择球​员 | E51: 0.88 | F51: 0 | G51: 完​美 | H51: 后​卫 (左), 中​场/攻​中场 (中) | I51: 20 | J51: 149 | K51: 165 | L51: 13 | M51: 12 | N51: 11 | O51: 8 | P51: 15 | Q51: 12 | R51: 9 | S51: 15 | T51: 12 | U51: 12 | V51: 11 | W51: 13 | X51: 10 | Y51: 8 | Z51: 16 | AA51: 13 | AB51: 14 | AC51: 13 | AD51: 14 | AE51: 7 | AF51: 10 | AG51: 14 | AH51: 13 | AI51: 13 | AJ51: 15 | AK51: 12 | AL51: 13 | AM51: 14 | AN51: 16 | AO51: 15 | AP51: 13 | AQ51: 15 | AR51: 13 | AS51: 12 | AT51: 14 | AU51: 12 | AV51: 15 | AW51: 13 | AX51: 12 | AY51: 1 | AZ51: 3 | BA51: 1 | BB51: 1 | BC51: 1 | BD51: 2 | BE51: 2 | BF51: 2 | BG51: 2 | BH51: 2 | BI51: 2 | BJ51: 8.1 | BK51: 优​秀 | BL51: 16 | BM51: 1 | BO51: - | BP51: 47664 | BQ51: 无 | BR51: 低​伤病​风险
A52: - | C52: 阿卜杜克迪尔·胡萨诺夫 - 选​择球​员 | E52: 0.92 | F52: 0 | G52: 完​美 | H52: 后​卫 (右中) | I52: 21 | J52: 150 | K52: 173 | L52: 13 | M52: 7 | N52: 13 | O52: 10 | P52: 12 | Q52: 5 | R52: 11 | S52: 9 | T52: 16 | U52: 6 | V52: 7 | W52: 12 | X52: 13 | Y52: 8 | Z52: 7 | AA52: 14 | AB52: 15 | AC52: 14 | AD52: 13 | AE52: 12 | AF52: 16 | AG52: 12 | AH52: 13 | AI52: 12 | AJ52: 13 | AK52: 16 | AL52: 13 | AM52: 13 | AN52: 17 | AO52: 15 | AP52: 15 | AQ52: 15 | AR52: 13 | AS52: 15 | AT52: 17 | AU52: 15 | AV52: 13 | AW52: 12 | AX52: 13 | AY52: 1 | AZ52: 4 | BA52: 1 | BB52: 1 | BC52: 1 | BD52: 2 | BE52: 3 | BF52: 1 | BG52: 1 | BH52: 1 | BI52: 1 | BJ52: 7.5 | BK52: 优​秀 | BL52: 13 | BM52: 0 (1) | BO52: 4 | BP52: 47299 | BQ52: 无 | BR52: 低​伤病​风险
A53: 以上是曼城
A54: 位​置/角​色/职​责 | C54: 球​员 | D54: 现​状 | F54: 疲劳值(N) | G54: 士​气 | H54: 位​置 | I54: 年​龄 | J54: 能​力 | K54: 潜​力 | L54: 传​球 | M54: 传​中 | N54: 盯​人 | O54: 点​球 | P54: 技​术 | Q54: 角​球 | R54: 界​外球 | S54: 盘​带 | T54: 抢​断 | U54: 任​意球 | V54: 射​门 | W54: 停​球 | X54: 头​球 | Y54: 远​射 | Z54: 才​华 | AA54: 位​置 | AB54: 投​入 | AC54: 集​中 | AD54: 决​断 | AE54: 领​导力 | AF54: 侵​略 | AG54: 视​野 | AH54: 合​作 | AI54: 无​球跑 | AJ54: 意​志 | AK54: 勇​敢 | AL54: 预​判 | AM54: 镇​定 | AN54: 爆​发 | AO54: 弹​跳 | AP54: 灵​活 | AQ54: 耐​力 | AR54: 平​衡 | AS54: 强​壮 | AT54: 速​度 | AU54: 体​质 | AV54: 稳​定 | AW54: 大​赛发​挥 | AX54: 抗​压 | AY54: 出​击 | AZ54: 开​球 | BA54: 反​应 | BB54: 拦​截传​中 | BC54: 击​球 | BD54: 手​控球 | BE54: 手​抛球 | BF54: 一​对一 | BG54: 意​外 | BH54: 指​挥 | BI54: 制​空 | BJ54: 平​均评​分 | BK54: 体​况 | BL54: 职​业素​养 | BM54: 出​场 | BN54: 总​体满​意度 | BO54: 总​联赛​进球 | BP54: 到​期 | BQ54: 训​练负​荷 | BR54: 总​体风​险
A55: - | C55: 莱安德罗·特罗萨尔德 - 选​择球​员 | D55: 度​假 | E55: 1 | F55: 0 | G55: 极​好 | H55: 攻​中场 (右左中), 前​锋 (中) | I55: 30 | J55: 155 | K55: 159 | L55: 14 | M55: 12 | N55: 6 | O55: 13 | P55: 16 | Q55: 14 | R55: 4 | S55: 15 | T55: 4 | U55: 12 | V55: 14 | W55: 15 | X55: 6 | Y55: 13 | Z55: 15 | AA55: 9 | AB55: 14 | AC55: 14 | AD55: 14 | AE55: 8 | AF55: 13 | AG55: 15 | AH55: 14 | AI55: 15 | AJ55: 15 | AK55: 13 | AL55: 14 | AM55: 14 | AN55: 16 | AO55: 6 | AP55: 13 | AQ55: 13 | AR55: 13 | AS55: 9 | AT55: 14 | AU55: 12 | AV55: 13 | AW55: 15 | AX55: 13 | AY55: 4 | AZ55: 1 | BA55: 1 | BB55: 2 | BC55: 2 | BD55: 1 | BE55: 3 | BF55: 1 | BG55: 4 | BH55: 1 | BI55: 2 | BJ55: - | BK55: 完​美 | BL55: 12 | BM55: - | BO55: 89 | BP55: 46203 | BQ55: 无 | BR55: 低​伤病​风险
A56: - | C56: 加布里埃尔·赫苏斯 - 选​择球​员 | D56: 度​假 | E56: 1 | F56: 0 | G56: 高​昂 | H56: 攻​中场 (右左), 前​锋 (中) | I56: 28 | J56: 154 | K56: 175 | L56: 13 | M56: 12 | N56: 7 | O56: 13 | P56: 16 | Q56: 8 | R56: 4 | S56: 16 | T56: 8 | U56: 11 | V56: 13 | W56: 15 | X56: 14 | Y56: 11 | Z56: 15 | AA56: 10 | AB56: 18 | AC56: 14 | AD56: 15 | AE56: 11 | AF56: 14 | AG56: 14 | AH56: 18 | AI56: 16 | AJ56: 15 | AK56: 14 | AL56: 16 | AM56: 13 | AN56: 14 | AO56: 10 | AP56: 14 | AQ56: 13 | AR56: 15 | AS56: 13 | AT56: 13 | AU56: 10 | AV56: 13 | AW56: 14 | AX56: 14 | AY56: 2 | AZ56: 4 | BA56: 1 | BB56: 3 | BC56: 3 | BD56: 2 | BE56: 2 | BF56: 1 | BG56: 2 | BH56: 3 | BI56: 3 | BJ56: - | BK56: 完​美 | BL56: 14 | BM56: - | BO56: 85 | BP56: 46568 | BQ56: 无 | BR56: 低​伤病​风险
A57: - | C57: 加百列 - 选​择球​员 | D57: 度​假 | E57: 1 | F57: 0 | G57: 极​好 | H57: 后​卫 (中) | I57: 27 | J57: 170 | K57: 174 | L57: 13 | M57: 7 | N57: 16 | O57: 7 | P57: 13 | Q57: 4 | R57: 7 | S57: 10 | T57: 18 | U57: 4 | V57: 8 | W57: 12 | X57: 19 | Y57: 7 | Z57: 8 | AA57: 15 | AB57: 14 | AC57: 13 | AD57: 15 | AE57: 13 | AF57: 17 | AG57: 13 | AH57: 17 | AI57: 9 | AJ57: 19 | AK57: 18 | AL57: 15 | AM57: 13 | AN57: 13 | AO57: 17 | AP57: 15 | AQ57: 16 | AR57: 14 | AS57: 19 | AT57: 15 | AU57: 15 | AV57: 17 | AW57: 12 | AX57: 15 | AY57: 3 | AZ57: 2 | BA57: 2 | BB57: 1 | BC57: 1 | BD57: 3 | BE57: 4 | BF57: 1 | BG57: 3 | BH57: 3 | BI57: 2 | BJ57: - | BK57: 完​美 | BL57: 15 | BM57: - | BO57: 15 | BP57: 47299 | BQ57: 无 | BR57: 低​伤病​风险
A58: - | C58: 加布里埃尔·泰奥多罗·马丁内利·席尔瓦 - 选​择球​员 | D58: 度​假 | E58: 1 | F58: 0 | G58: 完​美 | H58: 攻​中场 (右左), 前​锋 (中) | I58: 24 | J58: 157 | K58: 170 | L58: 12 | M58: 11 | N58: 5 | O58: 11 | P58: 15 | Q58: 13 | R58: 3 | S58: 16 | T58: 5 | U58: 10 | V58: 14 | W58: 14 | X58: 11 | Y58: 9 | Z58: 15 | AA58: 7 | AB58: 17 | AC58: 12 | AD58: 13 | AE58: 7 | AF58: 14 | AG58: 13 | AH58: 16 | AI58: 15 | AJ58: 17 | AK58: 14 | AL58: 14 | AM58: 13 | AN58: 17 | AO58: 11 | AP58: 16 | AQ58: 15 | AR58: 14 | AS58: 11 | AT58: 16 | AU58: 15 | AV58: 14 | AW58: 13 | AX58: 15 | AY58: 1 | AZ58: 2 | BA58: 1 | BB58: 2 | BC58: 2 | BD58: 3 | BE58: 2 | BF58: 3 | BG58: 3 | BH58: 3 | BI58: 2 | BJ58: - | BK58: 完​美 | BL58: 17 | BM58: - | BO58: 32 | BP58: 46568 | BQ58: 无 | BR58: 低​伤病​风险
A59: - | C59: 克里斯蒂安·诺加德 - 选​择球​员 | D59: 度​假 | E59: 1 | F59: 0 | G59: 好 | H59: 后​腰, 中​场 (中) | I59: 31 | J59: 145 | K59: 146 | L59: 13 | M59: 10 | N59: 14 | O59: 8 | P59: 14 | Q59: 9 | R59: 9 | S59: 12 | T59: 15 | U59: 9 | V59: 9 | W59: 14 | X59: 13 | Y59: 9 | Z59: 10 | AA59: 16 | AB59: 16 | AC59: 15 | AD59: 15 | AE59: 15 | AF59: 15 | AG59: 13 | AH59: 16 | AI59: 12 | AJ59: 15 | AK59: 15 | AL59: 15 | AM59: 15 | AN59: 12 | AO59: 14 | AP59: 11 | AQ59: 16 | AR59: 13 | AS59: 12 | AT59: 12 | AU59: 14 | AV59: 15 | AW59: 15 | AX59: 14 | AY59: 3 | AZ59: 2 | BA59: 1 | BB59: 3 | BC59: 2 | BD59: 1 | BE59: 1 | BF59: 1 | BG59: 2 | BH59: 2 | BI59: 3 | BJ59: - | BK59: 完​美 | BL59: 14 | BM59: - | BO59: 15 | BP59: 46934 | BQ59: 无 | BR59: 低​伤病​风险
A60: - | C60: 德克兰·赖斯 - 选​择球​员 | D60: 度​假 | E60: 1 | F60: 0 | G60: 很​好 | H60: 后​腰, 中​场 (中) | I60: 26 | J60: 182 | K60: 184 | L60: 15 | M60: 15 | N60: 15 | O60: 11 | P60: 15 | Q60: 20 | R60: 15 | S60: 14 | T60: 17 | U60: 17 | V60: 11 | W60: 16 | X60: 14 | Y60: 12 | Z60: 10 | AA60: 16 | AB60: 17 | AC60: 15 | AD60: 18 | AE60: 16 | AF60: 13 | AG60: 14 | AH60: 19 | AI60: 16 | AJ60: 18 | AK60: 16 | AL60: 18 | AM60: 17 | AN60: 13 | AO60: 14 | AP60: 15 | AQ60: 17 | AR60: 15 | AS60: 14 | AT60: 13 | AU60: 18 | AV60: 19 | AW60: 16 | AX60: 16 | AY60: 2 | AZ60: 4 | BA60: 1 | BB60: 3 | BC60: 2 | BD60: 3 | BE60: 3 | BF60: 3 | BG60: 2 | BH60: 2 | BI60: 3 | BJ60: - | BK60: 完​美 | BL60: 18 | BM60: - | BO60: 10 | BP60: 46934 | BQ60: 无 | BR60: 低​伤病​风险
A61: - | C61: 布卡约·萨卡 - 选​择球​员 | D61: 度​假 | E61: 1 | F61: 0 | G61: 高​昂 | H61: 攻​中场 (右左) | I61: 23 | J61: 181 | K61: 188 | L61: 13 | M61: 15 | N61: 8 | O61: 15 | P61: 17 | Q61: 18 | R61: 6 | S61: 17 | T61: 10 | U61: 14 | V61: 15 | W61: 16 | X61: 9 | Y61: 17 | Z61: 16 | AA61: 10 | AB61: 16 | AC61: 14 | AD61: 16 | AE61: 13 | AF61: 13 | AG61: 15 | AH61: 17 | AI61: 17 | AJ61: 17 | AK61: 12 | AL61: 16 | AM61: 15 | AN61: 17 | AO61: 9 | AP61: 15 | AQ61: 17 | AR61: 18 | AS61: 13 | AT61: 15 | AU61: 18 | AV61: 17 | AW61: 15 | AX61: 18 | AY61: 1 | AZ61: 3 | BA61: 3 | BB61: 1 | BC61: 1 | BD61: 2 | BE61: 1 | BF61: 2 | BG61: 2 | BH61: 2 | BI61: 2 | BJ61: - | BK61: 完​美 | BL61: 17 | BM61: - | BO61: 31 | BP61: 48029 | BQ61: 无 | BR61: 低​伤病​风险
A62: - | C62: 大卫·拉亚 - 选​择球​员 | D62: 度​假 | E62: 1 | F62: 0 | G62: 很​好 | H62: 门​将 | I62: 29 | J62: 160 | K62: 162 | L62: 12 | M62: 1 | N62: 2 | O62: 3 | P62: 12 | Q62: 5 | R62: 1 | S62: 1 | T62: 2 | U62: 8 | V62: 1 | W62: 12 | X62: 8 | Y62: 1 | Z62: 13 | AA62: 13 | AB62: 13 | AC62: 13 | AD62: 12 | AE62: 12 | AF62: 12 | AG62: 15 | AH62: 12 | AI62: 6 | AJ62: 16 | AK62: 13 | AL62: 14 | AM62: 14 | AN62: 12 | AO62: 12 | AP62: 14 | AQ62: 12 | AR62: 11 | AS62: 11 | AT62: 10 | AU62: 16 | AV62: 17 | AW62: 13 | AX62: 16 | AY62: 16 | AZ62: 15 | BA62: 19 | BB62: 13 | BC62: 12 | BD62: 16 | BE62: 15 | BF62: 15 | BG62: 13 | BH62: 14 | BI62: 13 | BJ62: - | BK62: 完​美 | BL62: 13 | BM62: - | BO62: - | BP62: 46934 | BQ62: 无 | BR62: 低​伤病​风险
A63: - | C63: 本杰明·怀特 - 选​择球​员 | D63: 度​假 | E63: 1 | F63: 0 | G63: 完​美 | H63: 后​卫 (右中) | I63: 27 | J63: 155 | K63: 162 | L63: 14 | M63: 13 | N63: 15 | O63: 5 | P63: 14 | Q63: 5 | R63: 9 | S63: 12 | T63: 15 | U63: 3 | V63: 8 | W63: 14 | X63: 14 | Y63: 9 | Z63: 13 | AA63: 16 | AB63: 14 | AC63: 15 | AD63: 15 | AE63: 11 | AF63: 13 | AG63: 13 | AH63: 16 | AI63: 13 | AJ63: 14 | AK63: 15 | AL63: 17 | AM63: 16 | AN63: 14 | AO63: 14 | AP63: 12 | AQ63: 15 | AR63: 13 | AS63: 14 | AT63: 14 | AU63: 13 | AV63: 14 | AW63: 12 | AX63: 14 | AY63: 2 | AZ63: 4 | BA63: 2 | BB63: 2 | BC63: 2 | BD63: 2 | BE63: 1 | BF63: 2 | BG63: 3 | BH63: 3 | BI63: 3 | BJ63: - | BK63: 完​美 | BL63: 15 | BM63: - | BO63: 5 | BP63: 46934 | BQ63: 无 | BR63: 低​伤病​风险
A64: - | C64: 埃贝尔·艾泽 - 选​择球​员 | D64: 度​假 | E64: 1 | F64: 0 | G64: 还​不错 | H64: 中​场 (中), 攻​中场 (右左中) | I64: 26 | J64: 155 | K64: 160 | L64: 15 | M64: 13 | N64: 6 | O64: 12 | P64: 16 | Q64: 14 | R64: 4 | S64: 17 | T64: 7 | U64: 14 | V64: 13 | W64: 15 | X64: 6 | Y64: 15 | Z64: 18 | AA64: 10 | AB64: 12 | AC64: 12 | AD64: 14 | AE64: 11 | AF64: 10 | AG64: 16 | AH64: 15 | AI64: 16 | AJ64: 14 | AK64: 8 | AL64: 15 | AM64: 15 | AN64: 14 | AO64: 9 | AP64: 15 | AQ64: 13 | AR64: 16 | AS64: 12 | AT64: 13 | AU64: 13 | AV64: 14 | AW64: 16 | AX64: 15 | AY64: 3 | AZ64: 1 | BA64: 2 | BB64: 1 | BC64: 1 | BD64: 3 | BE64: 3 | BF64: 2 | BG64: 4 | BH64: 2 | BI64: 2 | BJ64: - | BK64: 完​美 | BL64: 15 | BM64: - | BO64: 40 | BP64: 47664 | BQ64: 无 | BR64: 低​伤病​风险
A65: - | C65: 尤里恩·玛杜罗 - 选​择球​员 | D65: 度​假 | E65: 1 | F65: 0 | G65: 极​好 | H65: 后​卫 (右左中) | I65: 24 | J65: 158 | K65: 168 | L65: 15 | M65: 12 | N65: 15 | O65: 8 | P65: 15 | Q65: 4 | R65: 10 | S65: 13 | T65: 16 | U65: 7 | V65: 6 | W65: 14 | X65: 14 | Y65: 7 | Z65: 12 | AA65: 15 | AB65: 15 | AC65: 15 | AD65: 15 | AE65: 12 | AF65: 14 | AG65: 12 | AH65: 16 | AI65: 14 | AJ65: 16 | AK65: 16 | AL65: 16 | AM65: 15 | AN65: 14 | AO65: 13 | AP65: 14 | AQ65: 15 | AR65: 13 | AS65: 14 | AT65: 15 | AU65: 14 | AV65: 16 | AW65: 14 | AX65: 16 | AY65: 2 | AZ65: 2 | BA65: 1 | BB65: 3 | BC65: 2 | BD65: 1 | BE65: 3 | BF65: 1 | BG65: 2 | BH65: 1 | BI65: 3 | BJ65: - | BK65: 完​美 | BL65: 16 | BM65: - | BO65: 6 | BP65: 46934 | BQ65: 无 | BR65: 低​伤病​风险
A66: - | C66: 诺尼·马杜埃凯 - 选​择球​员 | D66: 度​假 | E66: 1 | F66: 0 | G66: 较​好 | H66: 中​场 (右左), 攻​中场 (右左中) | I66: 23 | J66: 154 | K66: 165 | L66: 13 | M66: 13 | N66: 3 | O66: 11 | P66: 15 | Q66: 13 | R66: 3 | S66: 17 | T66: 5 | U66: 10 | V66: 13 | W66: 16 | X66: 11 | Y66: 13 | Z66: 16 | AA66: 5 | AB66: 13 | AC66: 11 | AD66: 14 | AE66: 5 | AF66: 9 | AG66: 14 | AH66: 12 | AI66: 15 | AJ66: 12 | AK66: 13 | AL66: 12 | AM66: 15 | AN66: 15 | AO66: 13 | AP66: 15 | AQ66: 13 | AR66: 16 | AS66: 14 | AT66: 16 | AU66: 15 | AV66: 12 | AW66: 12 | AX66: 12 | AY66: 1 | AZ66: 1 | BA66: 3 | BB66: 1 | BC66: 1 | BD66: 3 | BE66: 1 | BF66: 1 | BG66: 2 | BH66: 1 | BI66: 3 | BJ66: - | BK66: 完​美 | BL66: 12 | BM66: - | BO66: 16 | BP66: 47664 | BQ66: 无 | BR66: 低​伤病​风险
A67: - | C67: 里卡尔多·卡拉菲奥里 - 选​择球​员 | D67: 度​假 | E67: 1 | F67: 0 | G67: 好 | H67: 后​卫 (左中) | I67: 23 | J67: 155 | K67: 169 | L67: 15 | M67: 12 | N67: 14 | O67: 7 | P67: 15 | Q67: 4 | R67: 14 | S67: 13 | T67: 15 | U67: 6 | V67: 9 | W67: 14 | X67: 14 | Y67: 12 | Z67: 13 | AA67: 15 | AB67: 14 | AC67: 14 | AD67: 15 | AE67: 10 | AF67: 15 | AG67: 13 | AH67: 16 | AI67: 13 | AJ67: 15 | AK67: 13 | AL67: 17 | AM67: 15 | AN67: 14 | AO67: 14 | AP67: 14 | AQ67: 15 | AR67: 14 | AS67: 14 | AT67: 14 | AU67: 15 | AV67: 15 | AW67: 14 | AX67: 16 | AY67: 2 | AZ67: 1 | BA67: 3 | BB67: 1 | BC67: 1 | BD67: 3 | BE67: 1 | BF67: 3 | BG67: 1 | BH67: 3 | BI67: 3 | BJ67: - | BK67: 完​美 | BL67: 17 | BM67: - | BO67: - | BP67: 47299 | BQ67: 无 | BR67: 低​伤病​风险
A68: - | C68: 威廉·萨利巴 - 选​择球​员 | D68: 度​假 | E68: 1 | F68: 0 | G68: 完​美 | H68: 后​卫 (中) | I68: 24 | J68: 176 | K68: 184 | L68: 13 | M68: 10 | N68: 16 | O68: 10 | P68: 16 | Q68: 5 | R68: 6 | S68: 12 | T68: 18 | U68: 5 | V68: 9 | W68: 15 | X68: 16 | Y68: 11 | Z68: 11 | AA68: 16 | AB68: 15 | AC68: 15 | AD68: 16 | AE68: 10 | AF68: 15 | AG68: 12 | AH68: 17 | AI68: 8 | AJ68: 16 | AK68: 15 | AL68: 18 | AM68: 19 | AN68: 14 | AO68: 16 | AP68: 16 | AQ68: 16 | AR68: 16 | AS68: 17 | AT68: 15 | AU68: 16 | AV68: 18 | AW68: 16 | AX68: 18 | AY68: 1 | AZ68: 3 | BA68: 3 | BB68: 3 | BC68: 3 | BD68: 3 | BE68: 4 | BF68: 1 | BG68: 2 | BH68: 1 | BI68: 2 | BJ68: - | BK68: 完​美 | BL68: 18 | BM68: - | BO68: 3 | BP68: 47664 | BQ68: 无 | BR68: 低​伤病​风险
A69: - | C69: 马丁·奥德加德 - 选​择球​员 | D69: 度​假 | E69: 1 | F69: 0 | G69: 完​美 | H69: 中​场/攻​中场 (中) | I69: 26 | J69: 176 | K69: 180 | L69: 18 | M69: 15 | N69: 9 | O69: 14 | P69: 19 | Q69: 16 | R69: 3 | S69: 17 | T69: 10 | U69: 14 | V69: 13 | W69: 18 | X69: 8 | Y69: 16 | Z69: 16 | AA69: 10 | AB69: 15 | AC69: 15 | AD69: 17 | AE69: 15 | AF69: 9 | AG69: 19 | AH69: 19 | AI69: 17 | AJ69: 16 | AK69: 10 | AL69: 18 | AM69: 16 | AN69: 13 | AO69: 9 | AP69: 15 | AQ69: 15 | AR69: 16 | AS69: 11 | AT69: 13 | AU69: 13 | AV69: 14 | AW69: 13 | AX69: 15 | AY69: 1 | AZ69: 1 | BA69: 2 | BB69: 1 | BC69: 3 | BD69: 3 | BE69: 1 | BF69: 3 | BG69: 2 | BH69: 2 | BI69: 2 | BJ69: - | BK69: 完​美 | BL69: 20 | BM69: - | BO69: 47 | BP69: 46934 | BQ69: 无 | BR69: 低​伤病​风险
A70: - | C70: 凯帕·阿里萨巴拉加 - 选​择球​员 | D70: 度​假 | E70: 1 | F70: 0 | G70: 超​凡 | H70: 门​将 | I70: 30 | J70: 145 | K70: 160 | L70: 11 | M70: 2 | N70: 1 | O70: 2 | P70: 11 | Q70: 4 | R70: 1 | S70: 1 | T70: 3 | U70: 6 | V70: 2 | W70: 11 | X70: 5 | Y70: 2 | Z70: 2 | AA70: 13 | AB70: 10 | AC70: 16 | AD70: 14 | AE70: 10 | AF70: 8 | AG70: 11 | AH70: 13 | AI70: 5 | AJ70: 13 | AK70: 10 | AL70: 14 | AM70: 14 | AN70: 9 | AO70: 14 | AP70: 16 | AQ70: 12 | AR70: 13 | AS70: 12 | AT70: 12 | AU70: 12 | AV70: 13 | AW70: 12 | AX70: 10 | AY70: 12 | AZ70: 15 | BA70: 17 | BB70: 13 | BC70: 13 | BD70: 15 | BE70: 13 | BF70: 15 | BG70: 5 | BH70: 14 | BI70: 13 | BJ70: - | BK70: 完​美 | BL70: 15 | BM70: - | BO70: - | BP70: 47299 | BQ70: 无 | BR70: 低​伤病​风险
A71: - | C71: 米克尔·梅利诺 - 选​择球​员 | D71: 度​假 | E71: 1 | F71: 0 | G71: 超​凡 | H71: 后​腰, 中​场 (中) | I71: 29 | J71: 154 | K71: 159 | L71: 15 | M71: 11 | N71: 14 | O71: 10 | P71: 15 | Q71: 8 | R71: 8 | S71: 14 | T71: 13 | U71: 10 | V71: 13 | W71: 14 | X71: 15 | Y71: 12 | Z71: 13 | AA71: 14 | AB71: 15 | AC71: 15 | AD71: 15 | AE71: 12 | AF71: 15 | AG71: 15 | AH71: 16 | AI71: 14 | AJ71: 16 | AK71: 15 | AL71: 15 | AM71: 13 | AN71: 12 | AO71: 15 | AP71: 15 | AQ71: 17 | AR71: 13 | AS71: 16 | AT71: 13 | AU71: 16 | AV71: 14 | AW71: 15 | AX71: 16 | AY71: 4 | AZ71: 1 | BA71: 3 | BB71: 1 | BC71: 3 | BD71: 2 | BE71: 3 | BF71: 2 | BG71: 3 | BH71: 3 | BI71: 1 | BJ71: - | BK71: 完​美 | BL71: 15 | BM71: - | BO71: 21 | BP71: 46934 | BQ71: 无 | BR71: 低​伤病​风险
A72: - | C72: 马丁·苏维门迪 - 选​择球​员 | D72: 度​假 | E72: 1 | F72: 0 | G72: 还​可以 | H72: 后​腰, 中​场 (中) | I72: 26 | J72: 161 | K72: 164 | L72: 16 | M72: 10 | N72: 15 | O72: 12 | P72: 15 | Q72: 9 | R72: 2 | S72: 13 | T72: 15 | U72: 8 | V72: 11 | W72: 16 | X72: 14 | Y72: 13 | Z72: 10 | AA72: 15 | AB72: 15 | AC72: 16 | AD72: 16 | AE72: 12 | AF72: 14 | AG72: 15 | AH72: 17 | AI72: 13 | AJ72: 13 | AK72: 13 | AL72: 18 | AM72: 16 | AN72: 12 | AO72: 11 | AP72: 15 | AQ72: 15 | AR72: 12 | AS72: 14 | AT72: 11 | AU72: 15 | AV72: 16 | AW72: 15 | AX72: 15 | AY72: 3 | AZ72: 1 | BA72: 4 | BB72: 2 | BC72: 3 | BD72: 2 | BE72: 3 | BF72: 2 | BG72: 2 | BH72: 4 | BI72: 4 | BJ72: - | BK72: 完​美 | BL72: 15 | BM72: - | BO72: 7 | BP72: 47299 | BQ72: 无 | BR72: 低​伤病​风险
A73: - | C73: 皮埃洛·海因卡佩 - 选​择球​员 | D73: 度​假 | E73: 1 | F73: 0 | G73: 很​好 | H73: 后​卫 (左中), 边翼​卫 (左) | I73: 23 | J73: 152 | K73: 168 | L73: 14 | M73: 11 | N73: 15 | O73: 10 | P73: 13 | Q73: 5 | R73: 14 | S73: 12 | T73: 17 | U73: 5 | V73: 7 | W73: 12 | X73: 13 | Y73: 7 | Z73: 11 | AA73: 14 | AB73: 18 | AC73: 14 | AD73: 13 | AE73: 11 | AF73: 17 | AG73: 13 | AH73: 15 | AI73: 11 | AJ73: 18 | AK73: 18 | AL73: 14 | AM73: 14 | AN73: 14 | AO73: 15 | AP73: 16 | AQ73: 15 | AR73: 15 | AS73: 15 | AT73: 16 | AU73: 14 | AV73: 15 | AW73: 14 | AX73: 14 | AY73: 2 | AZ73: 2 | BA73: 2 | BB73: 1 | BC73: 2 | BD73: 3 | BE73: 2 | BF73: 1 | BG73: 2 | BH73: 1 | BI73: 1 | BJ73: - | BK73: 完​美 | BL73: 13 | BM73: - | BO73: 2 | BP73: 46203 | BQ73: 无 | BR73: 低​伤病​风险
A74: - | C74: 凯·哈瓦茨 - 选​择球​员 | D74: 度​假 | E74: 1 | F74: 0 | G74: 高​昂 | H74: 中​场/攻​中场 (中), 前​锋 (中) | I74: 26 | J74: 157 | K74: 180 | L74: 16 | M74: 10 | N74: 8 | O74: 13 | P74: 17 | Q74: 10 | R74: 8 | S74: 15 | T74: 10 | U74: 11 | V74: 13 | W74: 16 | X74: 15 | Y74: 11 | Z74: 14 | AA74: 11 | AB74: 14 | AC74: 11 | AD74: 14 | AE74: 7 | AF74: 11 | AG74: 15 | AH74: 15 | AI74: 17 | AJ74: 14 | AK74: 12 | AL74: 16 | AM74: 13 | AN74: 13 | AO74: 14 | AP74: 14 | AQ74: 15 | AR74: 15 | AS74: 14 | AT74: 14 | AU74: 17 | AV74: 14 | AW74: 13 | AX74: 13 | AY74: 3 | AZ74: 1 | BA74: 1 | BB74: 1 | BC74: 4 | BD74: 1 | BE74: 1 | BF74: 1 | BG74: 3 | BH74: 3 | BI74: 2 | BJ74: - | BK74: 完​美 | BL74: 15 | BM74: - | BO74: 55 | BP74: 46934 | BQ74: 无 | BR74: 低​伤病​风险
A75: - | C75: 维克托·格约克雷斯 - 选​择球​员 | D75: 度​假 | E75: 1 | F75: 0 | G75: 很​好 | H75: 前​锋 (中) | I75: 27 | J75: 153 | K75: 168 | L75: 13 | M75: 10 | N75: 6 | O75: 15 | P75: 13 | Q75: 6 | R75: 6 | S75: 14 | T75: 8 | U75: 7 | V75: 16 | W75: 14 | X75: 13 | Y75: 12 | Z75: 13 | AA75: 8 | AB75: 19 | AC75: 13 | AD75: 13 | AE75: 7 | AF75: 17 | AG75: 13 | AH75: 16 | AI75: 13 | AJ75: 18 | AK75: 16 | AL75: 12 | AM75: 14 | AN75: 14 | AO75: 14 | AP75: 16 | AQ75: 18 | AR75: 18 | AS75: 18 | AT75: 16 | AU75: 17 | AV75: 13 | AW75: 11 | AX75: 14 | AY75: 2 | AZ75: 3 | BA75: 2 | BB75: 3 | BC75: 1 | BD75: 2 | BE75: 4 | BF75: 2 | BG75: 4 | BH75: 3 | BI75: 3 | BJ75: - | BK75: 完​美 | BL75: 12 | BM75: - | BO75: 68 | BP75: 47664 | BQ75: 无 | BR75: 低​伤病​风险
A76: - | C76: 克里斯蒂安·莫斯克拉 - 选​择球​员 | D76: 度​假 | E76: 1 | F76: 0 | G76: 很​好 | H76: 后​卫 (右中) | I76: 20 | J76: 145 | K76: 169 | L76: 13 | M76: 10 | N76: 15 | O76: 8 | P76: 11 | Q76: 4 | R76: 11 | S76: 11 | T76: 17 | U76: 7 | V76: 7 | W76: 12 | X76: 13 | Y76: 8 | Z76: 10 | AA76: 13 | AB76: 15 | AC76: 13 | AD76: 13 | AE76: 10 | AF76: 15 | AG76: 13 | AH76: 14 | AI76: 7 | AJ76: 13 | AK76: 15 | AL76: 15 | AM76: 13 | AN76: 14 | AO76: 15 | AP76: 14 | AQ76: 14 | AR76: 13 | AS76: 15 | AT76: 17 | AU76: 16 | AV76: 13 | AW76: 13 | AX76: 15 | AY76: 3 | AZ76: 3 | BA76: 1 | BB76: 1 | BC76: 2 | BD76: 2 | BE76: 2 | BF76: 3 | BG76: 3 | BH76: 3 | BI76: 2 | BJ76: - | BK76: 完​美 | BL76: 16 | BM76: - | BO76: - | BP76: 47664 | BQ76: 无 | BR76: 低​伤病​风险
A77: - | C77: 迈尔斯·路易斯-史凯利 - 选​择球​员 | D77: 度​假 | E77: 1 | F77: 0 | G77: 好 | H77: 后​卫 (左), 后​腰, 中​场 (中) | I77: 18 | J77: 145 | K77: 172 | L77: 14 | M77: 12 | N77: 10 | O77: 10 | P77: 15 | Q77: 10 | R77: 7 | S77: 15 | T77: 13 | U77: 10 | V77: 9 | W77: 15 | X77: 8 | Y77: 10 | Z77: 13 | AA77: 10 | AB77: 14 | AC77: 12 | AD77: 12 | AE77: 9 | AF77: 14 | AG77: 13 | AH77: 15 | AI77: 12 | AJ77: 14 | AK77: 13 | AL77: 12 | AM77: 14 | AN77: 16 | AO77: 10 | AP77: 16 | AQ77: 14 | AR77: 17 | AS77: 15 | AT77: 14 | AU77: 17 | AV77: 14 | AW77: 16 | AX77: 18 | AY77: 1 | AZ77: 3 | BA77: 2 | BB77: 3 | BC77: 2 | BD77: 2 | BE77: 2 | BF77: 1 | BG77: 2 | BH77: 3 | BI77: 1 | BJ77: - | BK77: 完​美 | BL77: 14 | BM77: - | BO77: - | BP77: 47664 | BQ77: 无 | BR77: 低​伤病​风险
A78: - | C78: 马克斯·罗伯特·道曼 - 选​择球​员 | D78: 度​假 | E78: 1 | F78: -125 | G78: 还​可以 | H78: 攻​中场 (右中) | I78: 16 | J78: 108 | K78: 160 | L78: 11 | M78: 10 | N78: 7 | O78: 12 | P78: 14 | Q78: 12 | R78: 8 | S78: 14 | T78: 7 | U78: 12 | V78: 10 | W78: 13 | X78: 8 | Y78: 10 | Z78: 16 | AA78: 9 | AB78: 15 | AC78: 9 | AD78: 14 | AE78: 4 | AF78: 9 | AG78: 13 | AH78: 10 | AI78: 14 | AJ78: 16 | AK78: 4 | AL78: 14 | AM78: 11 | AN78: 15 | AO78: 10 | AP78: 14 | AQ78: 11 | AR78: 11 | AS78: 9 | AT78: 13 | AU78: 13 | AV78: 13 | AW78: 2 | AX78: 11 | AY78: 2 | AZ78: 3 | BA78: 1 | BB78: 1 | BC78: 3 | BD78: 4 | BE78: 1 | BF78: 1 | BG78: 2 | BH78: 3 | BI78: 3 | BJ78: - | BK78: 完​美 | BL78: 14 | BM78: - | BO78: - | BP78: 46934 | BQ78: 无 | BR78: 低​伤病​风险
A79: 以上是阿森纳
A80: 位​置/角​色/职​责 | C80: 球​员 | D80: 现​状 | F80: 疲劳值(N) | G80: 士​气 | H80: 位​置 | I80: 年​龄 | J80: 能​力 | K80: 潜​力 | L80: 传​球 | M80: 传​中 | N80: 盯​人 | O80: 点​球 | P80: 技​术 | Q80: 角​球 | R80: 界​外球 | S80: 盘​带 | T80: 抢​断 | U80: 任​意球 | V80: 射​门 | W80: 停​球 | X80: 头​球 | Y80: 远​射 | Z80: 才​华 | AA80: 位​置 | AB80: 投​入 | AC80: 集​中 | AD80: 决​断 | AE80: 领​导力 | AF80: 侵​略 | AG80: 视​野 | AH80: 合​作 | AI80: 无​球跑 | AJ80: 意​志 | AK80: 勇​敢 | AL80: 预​判 | AM80: 镇​定 | AN80: 爆​发 | AO80: 弹​跳 | AP80: 灵​活 | AQ80: 耐​力 | AR80: 平​衡 | AS80: 强​壮 | AT80: 速​度 | AU80: 体​质 | AV80: 稳​定 | AW80: 大​赛发​挥 | AX80: 抗​压 | AY80: 出​击 | AZ80: 开​球 | BA80: 反​应 | BB80: 拦​截传​中 | BC80: 击​球 | BD80: 手​控球 | BE80: 手​抛球 | BF80: 一​对一 | BG80: 意​外 | BH80: 指​挥 | BI80: 制​空 | BJ80: 平​均评​分 | BK80: 体​况 | BL80: 职​业素​养 | BM80: 出​场 | BN80: 总​体满​意度 | BO80: 总​联赛​进球 | BP80: 到​期 | BQ80: 训​练负​荷 | BR80: 总​体风​险
A81: - | C81: 马尔基尼奥斯 - 选​择球​员 | D81: 国​家/地​区 | E81: 0.92 | F81: 0 | G81: 优​秀 | H81: 后​卫 (中), 后​腰 | I81: 31 | J81: 166 | K81: 167 | L81: 13 | M81: 11 | N81: 16 | O81: 8 | P81: 13 | Q81: 4 | R81: 7 | S81: 10 | T81: 16 | U81: 4 | V81: 8 | W81: 13 | X81: 16 | Y81: 10 | Z81: 10 | AA81: 16 | AB81: 15 | AC81: 16 | AD81: 15 | AE81: 16 | AF81: 15 | AG81: 13 | AH81: 17 | AI81: 8 | AJ81: 16 | AK81: 15 | AL81: 17 | AM81: 16 | AN81: 13 | AO81: 16 | AP81: 13 | AQ81: 16 | AR81: 16 | AS81: 15 | AT81: 14 | AU81: 15 | AV81: 16 | AW81: 15 | AX81: 14 | AY81: 2 | AZ81: 1 | BA81: 2 | BB81: 1 | BC81: 3 | BD81: 2 | BE81: 1 | BF81: 2 | BG81: 1 | BH81: 1 | BI81: 1 | BJ81: 7.1 | BK81: 优​秀 | BL81: 18 | BM81: 1 | BO81: 24 | BP81: 46934 | BQ81: 无 | BR81: 低​伤病​风险
A82: - | C82: 卢卡斯·舍瓦莱 - 选​择球​员 | D82: 国​家/地​区 | E82: 0.93 | F82: 0 | G82: 完​美 | H82: 门​将 | I82: 23 | J82: 151 | K82: 165 | L82: 14 | M82: 2 | N82: 1 | O82: 5 | P82: 13 | Q82: 2 | R82: 3 | S82: 3 | T82: 3 | U82: 1 | V82: 1 | W82: 14 | X82: 3 | Y82: 1 | Z82: 15 | AA82: 13 | AB82: 14 | AC82: 12 | AD82: 13 | AE82: 14 | AF82: 12 | AG82: 15 | AH82: 13 | AI82: 11 | AJ82: 16 | AK82: 14 | AL82: 15 | AM82: 14 | AN82: 11 | AO82: 15 | AP82: 16 | AQ82: 14 | AR82: 13 | AS82: 12 | AT82: 12 | AU82: 13 | AV82: 14 | AW82: 18 | AX82: 16 | AY82: 15 | AZ82: 11 | BA82: 15 | BB82: 13 | BC82: 5 | BD82: 15 | BE82: 14 | BF82: 16 | BG82: 14 | BH82: 14 | BI82: 15 | BJ82: 7.8 | BK82: 优​秀 | BL82: 15 | BM82: 2 | BO82: - | BP82: 47664 | BQ82: 无 | BR82: 低​伤病​风险
A83: - | C83: 布拉德利·巴科拉 - 选​择球​员 | E83: 0.95 | F83: 0 | G83: 完​美 | H83: 攻​中场 (右左), 前​锋 (中) | I83: 22 | J83: 158 | K83: 169 | L83: 14 | M83: 13 | N83: 5 | O83: 10 | P83: 16 | Q83: 10 | R83: 5 | S83: 16 | T83: 5 | U83: 9 | V83: 13 | W83: 16 | X83: 11 | Y83: 12 | Z83: 16 | AA83: 9 | AB83: 14 | AC83: 12 | AD83: 11 | AE83: 10 | AF83: 12 | AG83: 13 | AH83: 14 | AI83: 15 | AJ83: 13 | AK83: 12 | AL83: 12 | AM83: 12 | AN83: 17 | AO83: 13 | AP83: 13 | AQ83: 12 | AR83: 13 | AS83: 10 | AT83: 17 | AU83: 15 | AV83: 13 | AW83: 12 | AX83: 13 | AY83: 1 | AZ83: 2 | BA83: 3 | BB83: 1 | BC83: 2 | BD83: 2 | BE83: 2 | BF83: 3 | BG83: 3 | BH83: 2 | BI83: 1 | BJ83: 7.1 | BK83: 优​秀 | BL83: 13 | BM83: 1 (1) | BO83: 5 | BP83: 46934 | BQ83: 无 | BR83: 低​伤病​风险
A84: - | C84: 玛特威·萨芬诺 - 选​择球​员 | E84: 1 | F84: -125 | G84: 好 | H84: 门​将 | I84: 26 | J84: 147 | K84: 155 | L84: 12 | M84: 2 | N84: 3 | O84: 5 | P84: 9 | Q84: 6 | R84: 1 | S84: 2 | T84: 2 | U84: 10 | V84: 3 | W84: 12 | X84: 1 | Y84: 1 | Z84: 8 | AA84: 14 | AB84: 12 | AC84: 14 | AD84: 13 | AE84: 13 | AF84: 13 | AG84: 12 | AH84: 13 | AI84: 3 | AJ84: 13 | AK84: 13 | AL84: 13 | AM84: 16 | AN84: 11 | AO84: 16 | AP84: 13 | AQ84: 12 | AR84: 12 | AS84: 15 | AT84: 12 | AU84: 12 | AV84: 14 | AW84: 14 | AX84: 11 | AY84: 13 | AZ84: 13 | BA84: 17 | BB84: 14 | BC84: 11 | BD84: 11 | BE84: 16 | BF84: 14 | BG84: 12 | BH84: 12 | BI84: 13 | BJ84: - | BK84: 完​美 | BL84: 12 | BM84: - | BO84: - | BP84: 47299 | BQ84: 无 | BR84: 低​伤病​风险
A85: - | C85: 克维查·克瓦拉茨赫利亚 - 选​择球​员 | E85: 0.91 | F85: 0 | G85: 高​昂 | H85: 攻​中场 (左中) | I85: 24 | J85: 166 | K85: 174 | L85: 16 | M85: 14 | N85: 8 | O85: 15 | P85: 18 | Q85: 8 | R85: 4 | S85: 18 | T85: 10 | U85: 14 | V85: 15 | W85: 18 | X85: 11 | Y85: 14 | Z85: 19 | AA85: 5 | AB85: 12 | AC85: 11 | AD85: 15 | AE85: 10 | AF85: 11 | AG85: 15 | AH85: 11 | AI85: 17 | AJ85: 17 | AK85: 12 | AL85: 12 | AM85: 14 | AN85: 15 | AO85: 9 | AP85: 13 | AQ85: 12 | AR85: 13 | AS85: 10 | AT85: 15 | AU85: 16 | AV85: 16 | AW85: 12 | AX85: 16 | AY85: 2 | AZ85: 3 | BA85: 3 | BB85: 3 | BC85: 3 | BD85: 4 | BE85: 3 | BF85: 1 | BG85: 2 | BH85: 3 | BI85: 1 | BJ85: 7.4 | BK85: 优​秀 | BL85: 15 | BM85: 0 (2) | BO85: 34 | BP85: 47299 | BQ85: 无 | BR85: 低​伤病​风险
A86: - | C86: 卢卡斯·埃尔南德斯·卡斯坎特 - 选​择球​员 | D86: 兴​趣 | E86: 1 | F86: 0 | G86: 完​美 | H86: 后​卫 (左中) | I86: 29 | J86: 153 | K86: 165 | L86: 14 | M86: 13 | N86: 16 | O86: 7 | P86: 13 | Q86: 6 | R86: 12 | S86: 12 | T86: 16 | U86: 8 | V86: 6 | W86: 14 | X86: 14 | Y86: 7 | Z86: 11 | AA86: 16 | AB86: 15 | AC86: 13 | AD86: 14 | AE86: 13 | AF86: 18 | AG86: 12 | AH86: 15 | AI86: 13 | AJ86: 17 | AK86: 17 | AL86: 15 | AM86: 14 | AN86: 13 | AO86: 14 | AP86: 14 | AQ86: 14 | AR86: 15 | AS86: 15 | AT86: 13 | AU86: 13 | AV86: 14 | AW86: 15 | AX86: 13 | AY86: 3 | AZ86: 3 | BA86: 3 | BB86: 2 | BC86: 3 | BD86: 3 | BE86: 2 | BF86: 1 | BG86: 2 | BH86: 1 | BI86: 3 | BJ86: - | BK86: 完​美 | BL86: 12 | BM86: - | BO86: 2 | BP86: 46934 | BQ86: 无 | BR86: 低​伤病​风险
A87: - | C87: 法比安 - 选​择球​员 | E87: 0.93 | F87: 0 | G87: 完​美 | H87: 后​腰, 中​场/攻​中场 (中) | I87: 29 | J87: 160 | K87: 163 | L87: 16 | M87: 14 | N87: 13 | O87: 11 | P87: 16 | Q87: 9 | R87: 9 | S87: 15 | T87: 14 | U87: 9 | V87: 14 | W87: 17 | X87: 13 | Y87: 16 | Z87: 16 | AA87: 14 | AB87: 14 | AC87: 14 | AD87: 14 | AE87: 11 | AF87: 13 | AG87: 15 | AH87: 15 | AI87: 15 | AJ87: 13 | AK87: 14 | AL87: 15 | AM87: 15 | AN87: 12 | AO87: 14 | AP87: 13 | AQ87: 16 | AR87: 16 | AS87: 13 | AT87: 12 | AU87: 14 | AV87: 15 | AW87: 12 | AX87: 13 | AY87: 2 | AZ87: 3 | BA87: 1 | BB87: 2 | BC87: 1 | BD87: 3 | BE87: 3 | BF87: 1 | BG87: 1 | BH87: 2 | BI87: 2 | BJ87: 7.05 | BK87: 优​秀 | BL87: 15 | BM87: 1 (1) | BO87: 28 | BP87: 46568 | BQ87: 无 | BR87: 低​伤病​风险
A88: - | C88: 阿什拉夫·哈基米 - 选​择球​员 | E88: 0.91 | F88: 0 | G88: 完​美 | H88: 后​卫/边翼​卫/中​场 (右) | I88: 26 | J88: 176 | K88: 179 | L88: 15 | M88: 15 | N88: 13 | O88: 10 | P88: 14 | Q88: 7 | R88: 11 | S88: 15 | T88: 13 | U88: 13 | V88: 13 | W88: 15 | X88: 11 | Y88: 13 | Z88: 14 | AA88: 13 | AB88: 17 | AC88: 13 | AD88: 13 | AE88: 15 | AF88: 16 | AG88: 13 | AH88: 13 | AI88: 17 | AJ88: 16 | AK88: 12 | AL88: 13 | AM88: 13 | AN88: 18 | AO88: 11 | AP88: 15 | AQ88: 18 | AR88: 14 | AS88: 12 | AT88: 18 | AU88: 19 | AV88: 17 | AW88: 15 | AX88: 14 | AY88: 2 | AZ88: 3 | BA88: 3 | BB88: 1 | BC88: 3 | BD88: 3 | BE88: 3 | BF88: 2 | BG88: 3 | BH88: 2 | BI88: 1 | BJ88: 6.95 | BK88: 优​秀 | BL88: 15 | BM88: 2 | BO88: 26 | BP88: 47299 | BQ88: 无 | BR88: 低​伤病​风险
A89: - | C89: 李康仁 - 选​择球​员 | E89: 0.92 | F89: 0 | G89: 很​好 | H89: 中​场/攻​中场 (右左中) | I89: 24 | J89: 155 | K89: 161 | L89: 15 | M89: 15 | N89: 6 | O89: 13 | P89: 16 | Q89: 14 | R89: 7 | S89: 16 | T89: 6 | U89: 14 | V89: 13 | W89: 17 | X89: 8 | Y89: 15 | Z89: 17 | AA89: 8 | AB89: 13 | AC89: 13 | AD89: 12 | AE89: 10 | AF89: 13 | AG89: 15 | AH89: 13 | AI89: 14 | AJ89: 16 | AK89: 12 | AL89: 14 | AM89: 12 | AN89: 14 | AO89: 8 | AP89: 13 | AQ89: 13 | AR89: 13 | AS89: 10 | AT89: 13 | AU89: 12 | AV89: 12 | AW89: 13 | AX89: 15 | AY89: 3 | AZ89: 2 | BA89: 1 | BB89: 2 | BC89: 4 | BD89: 2 | BE89: 4 | BF89: 2 | BG89: 4 | BH89: 1 | BI89: 3 | BJ89: 6.1 | BK89: 优​秀 | BL89: 15 | BM89: 1 | BO89: 13 | BP89: 46934 | BQ89: 无 | BR89: 低​伤病​风险
A90: - | C90: 伊利亚·扎巴尔尼 - 选​择球​员 | E90: 0.96 | F90: 0 | G90: 很​好 | H90: 后​卫 (中) | I90: 22 | J90: 148 | K90: 164 | L90: 13 | M90: 3 | N90: 15 | O90: 6 | P90: 12 | Q90: 3 | R90: 5 | S90: 9 | T90: 16 | U90: 4 | V90: 5 | W90: 11 | X90: 14 | Y90: 5 | Z90: 6 | AA90: 15 | AB90: 14 | AC90: 15 | AD90: 15 | AE90: 9 | AF90: 12 | AG90: 10 | AH90: 16 | AI90: 8 | AJ90: 14 | AK90: 14 | AL90: 15 | AM90: 17 | AN90: 14 | AO90: 15 | AP90: 14 | AQ90: 15 | AR90: 15 | AS90: 16 | AT90: 15 | AU90: 15 | AV90: 14 | AW90: 18 | AX90: 15 | AY90: 2 | AZ90: 2 | BA90: 3 | BB90: 3 | BC90: 2 | BD90: 2 | BE90: 3 | BF90: 2 | BG90: 1 | BH90: 1 | BI90: 2 | BJ90: 7.1 | BK90: 完​美 | BL90: 14 | BM90: 1 | BO90: 1 | BP90: 47664 | BQ90: 无 | BR90: 低​伤病​风险
A91: - | C91: 维辛哈 - 选​择球​员 | E91: 0.91 | F91: 0 | G91: 完​美 | H91: 后​腰, 中​场 (中) | I91: 25 | J91: 177 | K91: 180 | L91: 17 | M91: 13 | N91: 15 | O91: 17 | P91: 16 | Q91: 13 | R91: 8 | S91: 17 | T91: 14 | U91: 13 | V91: 12 | W91: 17 | X91: 7 | Y91: 14 | Z91: 17 | AA91: 15 | AB91: 17 | AC91: 16 | AD91: 15 | AE91: 14 | AF91: 14 | AG91: 17 | AH91: 16 | AI91: 15 | AJ91: 15 | AK91: 15 | AL91: 16 | AM91: 16 | AN91: 13 | AO91: 8 | AP91: 14 | AQ91: 18 | AR91: 16 | AS91: 11 | AT91: 13 | AU91: 16 | AV91: 18 | AW91: 14 | AX91: 16 | AY91: 3 | AZ91: 3 | BA91: 1 | BB91: 2 | BC91: 3 | BD91: 4 | BE91: 4 | BF91: 3 | BG91: 4 | BH91: 3 | BI91: 1 | BJ91: 7.5 | BK91: 优​秀 | BL91: 16 | BM91: 2 | BO91: 12 | BP91: 47299 | BQ91: 无 | BR91: 低​伤病​风险
A92: - | C92: 贡萨洛·拉莫斯 - 选​择球​员 | E92: 0.9 | F92: 0 | G92: 优​秀 | H92: 前​锋 (中) | I92: 24 | J92: 152 | K92: 156 | L92: 13 | M92: 10 | N92: 7 | O92: 11 | P92: 14 | Q92: 10 | R92: 4 | S92: 13 | T92: 8 | U92: 8 | V92: 15 | W92: 14 | X92: 15 | Y92: 12 | Z92: 13 | AA92: 8 | AB92: 15 | AC92: 15 | AD92: 15 | AE92: 10 | AF92: 14 | AG92: 13 | AH92: 16 | AI92: 15 | AJ92: 16 | AK92: 15 | AL92: 14 | AM92: 13 | AN92: 13 | AO92: 13 | AP92: 16 | AQ92: 16 | AR92: 15 | AS92: 14 | AT92: 14 | AU92: 15 | AV92: 13 | AW92: 13 | AX92: 14 | AY92: 1 | AZ92: 1 | BA92: 1 | BB92: 1 | BC92: 1 | BD92: 1 | BE92: 1 | BF92: 2 | BG92: 3 | BH92: 4 | BI92: 2 | BJ92: 7.1 | BK92: 优​秀 | BL92: 16 | BM92: 2 | BO92: 46 | BP92: 46934 | BQ92: 无 | BR92: 低​伤病​风险
A93: - | C93: 努诺·门德斯 - 选​择球​员 | E93: 0.9 | F93: 0 | G93: 完​美 | H93: 后​卫/边翼​卫 (左) | I93: 23 | J93: 168 | K93: 180 | L93: 14 | M93: 15 | N93: 12 | O93: 9 | P93: 14 | Q93: 13 | R93: 11 | S93: 15 | T93: 14 | U93: 13 | V93: 10 | W93: 15 | X93: 9 | Y93: 10 | Z93: 12 | AA93: 13 | AB93: 15 | AC93: 12 | AD93: 13 | AE93: 8 | AF93: 15 | AG93: 13 | AH93: 12 | AI93: 14 | AJ93: 14 | AK93: 12 | AL93: 14 | AM93: 14 | AN93: 18 | AO93: 10 | AP93: 16 | AQ93: 15 | AR93: 14 | AS93: 13 | AT93: 18 | AU93: 16 | AV93: 15 | AW93: 14 | AX93: 17 | AY93: 3 | AZ93: 3 | BA93: 3 | BB93: 3 | BC93: 1 | BD93: 2 | BE93: 1 | BF93: 1 | BG93: 1 | BH93: 1 | BI93: 2 | BJ93: 7.75 | BK93: 优​秀 | BL93: 14 | BM93: 2 | BO93: 2 | BP93: 47299 | BQ93: 无 | BR93: 低​伤病​风险
A94: - | C94: 奥斯曼·登贝莱 - 选​择球​员 | D94: 国​家/地​区 | E94: 0.92 | F94: 0 | G94: 完​美 | H94: 攻​中场 (右左), 前​锋 (中) | I94: 28 | J94: 186 | K94: 188 | L94: 15 | M94: 14 | N94: 8 | O94: 14 | P94: 18 | Q94: 12 | R94: 5 | S94: 18 | T94: 6 | U94: 10 | V94: 16 | W94: 18 | X94: 7 | Y94: 13 | Z94: 18 | AA94: 10 | AB94: 15 | AC94: 13 | AD94: 13 | AE94: 13 | AF94: 13 | AG94: 14 | AH94: 14 | AI94: 15 | AJ94: 15 | AK94: 12 | AL94: 13 | AM94: 13 | AN94: 18 | AO94: 8 | AP94: 15 | AQ94: 14 | AR94: 13 | AS94: 10 | AT94: 17 | AU94: 15 | AV94: 16 | AW94: 15 | AX94: 13 | AY94: 1 | AZ94: 1 | BA94: 4 | BB94: 3 | BC94: 3 | BD94: 2 | BE94: 3 | BF94: 2 | BG94: 3 | BH94: 1 | BI94: 1 | BJ94: 7.2 | BK94: 优​秀 | BL94: 14 | BM94: 1 (1) | BO94: 42 | BP94: 46934 | BQ94: 无 | BR94: 低​伤病​风险
A95: - | C95: 威廉·帕库 - 选​择球​员 | D95: 黄​牌 | E95: 0.91 | F95: 0 | G95: 完​美 | H95: 后​卫 (左中) | I95: 23 | J95: 162 | K95: 171 | L95: 14 | M95: 8 | N95: 16 | O95: 6 | P95: 12 | Q95: 3 | R95: 8 | S95: 11 | T95: 16 | U95: 4 | V95: 6 | W95: 13 | X95: 15 | Y95: 6 | Z95: 11 | AA95: 15 | AB95: 15 | AC95: 15 | AD95: 15 | AE95: 10 | AF95: 16 | AG95: 13 | AH95: 15 | AI95: 10 | AJ95: 16 | AK95: 17 | AL95: 16 | AM95: 15 | AN95: 14 | AO95: 16 | AP95: 16 | AQ95: 15 | AR95: 15 | AS95: 18 | AT95: 15 | AU95: 15 | AV95: 16 | AW95: 14 | AX95: 15 | AY95: 3 | AZ95: 2 | BA95: 2 | BB95: 2 | BC95: 1 | BD95: 3 | BE95: 1 | BF95: 3 | BG95: 3 | BH95: 1 | BI95: 1 | BJ95: 6.95 | BK95: 优​秀 | BL95: 14 | BM95: 2 | BO95: - | BP95: 47299 | BQ95: 无 | BR95: 低​伤病​风险
A96: - | C96: 若奥·内维什 - 选​择球​员 | E96: 0.92 | F96: 0 | G96: 完​美 | H96: 后​腰, 中​场 (中) | I96: 20 | J96: 163 | K96: 174 | L96: 15 | M96: 12 | N96: 14 | O96: 10 | P96: 14 | Q96: 11 | R96: 12 | S96: 16 | T96: 16 | U96: 10 | V96: 11 | W96: 15 | X96: 15 | Y96: 11 | Z96: 15 | AA96: 14 | AB96: 16 | AC96: 16 | AD96: 14 | AE96: 12 | AF96: 17 | AG96: 14 | AH96: 14 | AI96: 14 | AJ96: 16 | AK96: 16 | AL96: 14 | AM96: 15 | AN96: 14 | AO96: 12 | AP96: 14 | AQ96: 17 | AR96: 17 | AS96: 13 | AT96: 13 | AU96: 17 | AV96: 15 | AW96: 13 | AX96: 14 | AY96: 1 | AZ96: 2 | BA96: 1 | BB96: 2 | BC96: 3 | BD96: 2 | BE96: 2 | BF96: 1 | BG96: 2 | BH96: 1 | BI96: 3 | BJ96: 6.7 | BK96: 优​秀 | BL96: 16 | BM96: 2 | BO96: 1 | BP96: 47299 | BQ96: 无 | BR96: 低​伤病​风险
A97: - | C97: 贝拉尔多 - 选​择球​员 | D97: 兴​趣 | E97: 1 | F97: 0 | G97: 还​不错 | H97: 后​卫 (中) | I97: 21 | J97: 142 | K97: 165 | L97: 14 | M97: 9 | N97: 14 | O97: 7 | P97: 12 | Q97: 5 | R97: 7 | S97: 11 | T97: 15 | U97: 7 | V97: 9 | W97: 13 | X97: 14 | Y97: 5 | Z97: 10 | AA97: 15 | AB97: 14 | AC97: 13 | AD97: 13 | AE97: 12 | AF97: 15 | AG97: 14 | AH97: 13 | AI97: 11 | AJ97: 13 | AK97: 15 | AL97: 15 | AM97: 14 | AN97: 13 | AO97: 13 | AP97: 13 | AQ97: 14 | AR97: 14 | AS97: 15 | AT97: 13 | AU97: 13 | AV97: 13 | AW97: 14 | AX97: 13 | AY97: 1 | AZ97: 1 | BA97: 4 | BB97: 3 | BC97: 3 | BD97: 2 | BE97: 2 | BF97: 1 | BG97: 3 | BH97: 2 | BI97: 1 | BJ97: - | BK97: 完​美 | BL97: 13 | BM97: - | BO97: 1 | BP97: 46934 | BQ97: 无 | BR97: 低​伤病​风险
A98: - | C98: 德希雷·杜艾 - 选​择球​员 | E98: 0.95 | F98: 0 | G98: 极​好 | H98: 攻​中场 (右左中) | I98: 20 | J98: 159 | K98: 181 | L98: 15 | M98: 14 | N98: 11 | O98: 10 | P98: 17 | Q98: 14 | R98: 4 | S98: 17 | T98: 10 | U98: 11 | V98: 12 | W98: 17 | X98: 9 | Y98: 13 | Z98: 16 | AA98: 10 | AB98: 14 | AC98: 12 | AD98: 12 | AE98: 8 | AF98: 10 | AG98: 15 | AH98: 14 | AI98: 12 | AJ98: 15 | AK98: 13 | AL98: 12 | AM98: 13 | AN98: 16 | AO98: 9 | AP98: 14 | AQ98: 13 | AR98: 13 | AS98: 11 | AT98: 14 | AU98: 14 | AV98: 13 | AW98: 12 | AX98: 12 | AY98: 2 | AZ98: 1 | BA98: 3 | BB98: 1 | BC98: 2 | BD98: 1 | BE98: 3 | BF98: 2 | BG98: 1 | BH98: 1 | BI98: 1 | BJ98: 6.4 | BK98: 优​秀 | BL98: 15 | BM98: 1 | BO98: 3 | BP98: 47299 | BQ98: 无 | BR98: 低​伤病​风险
A99: - | C99: 沃伦·扎伊尔-埃梅里 - 选​择球​员 | D99: 国​家/地​区 | E99: 0.92 | F99: 0 | G99: 优​秀 | H99: 后​腰, 中​场 (中) | I99: 19 | J99: 154 | K99: 165 | L99: 15 | M99: 11 | N99: 13 | O99: 10 | P99: 14 | Q99: 11 | R99: 4 | S99: 13 | T99: 14 | U99: 8 | V99: 8 | W99: 15 | X99: 9 | Y99: 12 | Z99: 13 | AA99: 15 | AB99: 15 | AC99: 13 | AD99: 13 | AE99: 8 | AF99: 14 | AG99: 14 | AH99: 15 | AI99: 15 | AJ99: 16 | AK99: 15 | AL99: 14 | AM99: 14 | AN99: 14 | AO99: 10 | AP99: 11 | AQ99: 16 | AR99: 15 | AS99: 14 | AT99: 13 | AU99: 15 | AV99: 14 | AW99: 13 | AX99: 14 | AY99: 2 | AZ99: 1 | BA99: 2 | BB99: 2 | BC99: 2 | BD99: 1 | BE99: 3 | BF99: 2 | BG99: 1 | BH99: 3 | BI99: 1 | BJ99: 6.7 | BK99: 优​秀 | BL99: 16 | BM99: 1 (1) | BO99: 2 | BP99: 47299 | BQ99: 无 | BR99: 低​伤病​风险
A100: - | C100: 森尼·马尤鲁 - 选​择球​员 | D100: 国​家/地​区 | E100: 0.93 | F100: 0 | G100: 完​美 | H100: 中​场 (中), 攻​中场 (左中) | I100: 19 | J100: 136 | K100: 164 | L100: 14 | M100: 10 | N100: 11 | O100: 11 | P100: 13 | Q100: 11 | R100: 4 | S100: 14 | T100: 11 | U100: 10 | V100: 11 | W100: 15 | X100: 10 | Y100: 11 | Z100: 13 | AA100: 10 | AB100: 15 | AC100: 12 | AD100: 12 | AE100: 7 | AF100: 11 | AG100: 12 | AH100: 13 | AI100: 14 | AJ100: 13 | AK100: 13 | AL100: 12 | AM100: 13 | AN100: 14 | AO100: 11 | AP100: 13 | AQ100: 13 | AR100: 15 | AS100: 9 | AT100: 14 | AU100: 14 | AV100: 12 | AW100: 10 | AX100: 11 | AY100: 1 | AZ100: 2 | BA100: 3 | BB100: 2 | BC100: 3 | BD100: 1 | BE100: 1 | BF100: 3 | BG100: 3 | BH100: 3 | BI100: 1 | BJ100: 6.4 | BK100: 优​秀 | BL100: 12 | BM100: 0 (2) | BO100: - | BP100: 46568 | BQ100: 无 | BR100: 低​伤病​风险
...

Sheet 分数 
A1: 位​置/角​色/职​责 | B1: 分数 | C1: 球​员 | D1: 现​状 | F1: 疲劳值(N) | G1: 士​气 | H1: 位​置 | I1: 年​龄 | J1: 能​力 | K1: 潜​力 | L1: 传​球 | M1: 传​中 | N1: 盯​人 | O1: 点​球 | P1: 技​术 | Q1: 角​球 | R1: 界​外球 | S1: 盘​带 | T1: 抢​断 | U1: 任​意球 | V1: 射​门 | W1: 停​球 | X1: 头​球 | Y1: 远​射 | Z1: 才​华 | AA1: 位​置 | AB1: 投​入 | AC1: 集​中 | AD1: 决​断 | AE1: 领​导力 | AF1: 侵​略 | AG1: 视​野 | AH1: 合​作 | AI1: 无​球跑 | AJ1: 意​志 | AK1: 勇​敢 | AL1: 预​判 | AM1: 镇​定 | AN1: 爆​发 | AO1: 弹​跳 | AP1: 灵​活 | AQ1: 耐​力 | AR1: 平​衡 | AS1: 强​壮 | AT1: 速​度 | AU1: 体​质 | AV1: 稳​定 | AW1: 大​赛发​挥 | AX1: 抗​压 | AY1: 出​击 | AZ1: 开​球 | BA1: 反​应 | BB1: 拦​截传​中 | BC1: 击​球 | BD1: 手​控球 | BE1: 手​抛球 | BF1: 一​对一 | BG1: 意​外 | BH1: 指​挥 | BI1: 制​空 | BJ1: 平​均评​分 | BK1: 体​况 | BL1: 职​业素​养 | BM1: 出​场 | BN1: 总​体满​意度 | BO1: 总​联赛​进球 | BP1: 到​期 | BQ1: 训​练负​荷 | BR1: 总​体风​险
A2: - | B2: =SUM(L2:AX2) -> 265.745 | C2: 汤姆·希顿 - 选​择球​员 | D2: 度​假 | E2: 1 | F2: 0 | G2: 有​点差 | H2: 门​将 | I2: 39 | J2: 120 | K2: 150 | L2: =IF( 数据!L2<=6,(数据!L2-1)*权重!B$48, IF(数据!L2<=12, 5*权重!B$48+(数据!L2-6)*权重!B$49, 5*权重!B$48+6*权重!B$49+(数据!L2-12)*权重!B$51 )) -> 3 | M2: =IF( 数据!M2<=6,(数据!M2-1)*权重!C$48, IF(数据!M2<=12, 5*权重!C$48+(数据!M2-6)*权重!C$49, 5*权重!C$48+6*权重!C$49+(数据!M2-12)*权重!C$51 )) -> 0.58 | N2: =IF( 数据!N2<=6,(数据!N2-1)*权重!D$48, IF(数据!N2<=12, 5*权重!D$48+(数据!N2-6)*权重!D$49, 5*权重!D$48+6*权重!D$49+(数据!N2-12)*权重!D$51 )) -> 0.16 | O2: =IF( 数据!O2<=6,(数据!O2-1)*权重!E$48, IF(数据!O2<=12, 5*权重!E$48+(数据!O2-6)*权重!E$49, 5*权重!E$48+6*权重!E$49+(数据!O2-12)*权重!E$51 )) -> 0 | P2: =IF( 数据!P2<=6,(数据!P2-1)*权重!F$48, IF(数据!P2<=12, 5*权重!F$48+(数据!P2-6)*权重!F$49, 5*权重!F$48+6*权重!F$49+(数据!P2-12)*权重!F$51 )) -> -3.5666667 | Q2: =IF( 数据!Q2<=6,(数据!Q2-1)*权重!G$48, IF(数据!Q2<=12, 5*权重!G$48+(数据!Q2-6)*权重!G$49, 5*权重!G$48+6*权重!G$49+(数据!Q2-12)*权重!G$51 )) -> 0 | R2: =IF( 数据!R2<=6,(数据!R2-1)*权重!H$48, IF(数据!R2<=12, 5*权重!H$48+(数据!R2-6)*权重!H$49, 5*权重!H$48+6*权重!H$49+(数据!R2-12)*权重!H$51 )) -> 0 | S2: =IF( 数据!S2<=6,(数据!S2-1)*权重!I$48, IF(数据!S2<=12, 5*权重!I$48+(数据!S2-6)*权重!I$49, 5*权重!I$48+6*权重!I$49+(数据!S2-12)*权重!I$51 )) -> 1.2 | ... Y2: =IF( 数据!Y2<=6,(数据!Y2-1)*权重!O$48, IF(数据!Y2<=12, 5*权重!O$48+(数据!Y2-6)*权重!O$49, 5*权重!O$48+6*权重!O$49+(数据!Y2-12)*权重!O$51 )) -> 0.48 | Z2: =IF( 数据!Z2<=6,(数据!Z2-1)*权重!P$48, IF(数据!Z2<=10, 5*权重!P$48+(数据!Z2-4)*权重!P$50, 5*权重!P$48+4*权重!P$50+(数据!Z2-10)*权重!P$52 ) ) -> 0 | AA2: =IF( 数据!AA2<=6,(数据!AA2-1)*权重!Q$48, IF(数据!AA2<=12, 5*权重!Q$48+(数据!AA2-6)*权重!Q$49, 5*权重!Q$48+6*权重!Q$49+(数据!AA2-12)*权重!Q$51 )) -> 5.8333333 | AB2: =IF( 数据!AB2<=6,(数据!AB2-1)*权重!R$48, IF(数据!AB2<=10, 5*权重!R$48+(数据!AB2-4)*权重!R$50, 5*权重!R$48+4*权重!R$50+(数据!AB2-10)*权重!R$52 ) ) -> 44.2 | AC2: =IF( 数据!AC2<=6,(数据!AC2-1)*权重!S$48, IF(数据!AC2<=12, 5*权重!S$48+(数据!AC2-6)*权重!S$49, 5*权重!S$48+6*权重!S$49+(数据!AC2-12)*权重!S$51 )) -> 22.916667 | AD2: =IF( 数据!AD2<=6,(数据!AD2-1)*权重!T$48, IF(数据!AD2<=12, 5*权重!T$48+(数据!AD2-6)*权重!T$49, 5*权重!T$48+6*权重!T$49+(数据!AD2-12)*权重!T$51 )) -> -0.86666667 | AE2: =IF( 数据!AE2<=6,(数据!AE2-1)*权重!U$48, IF(数据!AE2<=10, 5*权重!U$48+(数据!AE2-4)*权重!U$50, 5*权重!U$48+4*权重!U$50+(数据!AE2-10)*权重!U$52 ) ) -> 0.2 | AF2: =IF( 数据!AF2<=6,(数据!AF2-1)*权重!V$48, IF(数据!AF2<=10, 5*权重!V$48+(数据!AF2-4)*权重!V$50, 5*权重!V$48+4*权重!V$50+(数据!AF2-10)*权重!V$52 ) ) -> 6.075 | AG2: =IF( 数据!AG2<=6,(数据!AG2-1)*权重!W$48, IF(数据!AG2<=12, 5*权重!W$48+(数据!AG2-6)*权重!W$49, 5*权重!W$48+6*权重!W$49+(数据!AG2-12)*权重!W$51 )) -> 3.75 | AH2: =IF( 数据!AH2<=6,(数据!AH2-1)*权重!X$48, IF(数据!AH2<=10, 5*权重!X$48+(数据!AH2-4)*权重!X$50, 5*权重!X$48+4*权重!X$50+(数据!AH2-10)*权重!X$52 ) ) -> 0.4 | AI2: =IF( 数据!AI2<=6,(数据!AI2-1)*权重!Y$48, IF(数据!AI2<=12, 5*权重!Y$48+(数据!AI2-6)*权重!Y$49, 5*权重!Y$48+6*权重!Y$49+(数据!AI2-12)*权重!Y$51 )) -> 0.04 | AJ2: =IF( 数据!AJ2<=6,(数据!AJ2-1)*权重!Z$48, IF(数据!AJ2<=10, 5*权重!Z$48+(数据!AJ2-4)*权重!Z$50, 5*权重!Z$48+4*权重!Z$50+(数据!AJ2-10)*权重!Z$52 ) ) -> 8.6625 | AK2: =IF( 数据!AK2<=6,(数据!AK2-1)*权重!AA$48, IF(数据!AK2<=10, 5*权重!AA$48+(数据!AK2-4)*权重!AA$50, 5*权重!AA$48+4*权重!AA$50+(数据!AK2-10)*权重!AA$52 ) ) -> -1.1 | AL2: =IF( 数据!AL2<=6,(数据!AL2-1)*权重!AB$48, IF(数据!AL2<=12, 5*权重!AB$48+(数据!AL2-6)*权重!AB$49, 5*权重!AB$48+6*权重!AB$49+(数据!AL2-12)*权重!AB$51 )) -> 12.6 | AM2: =IF( 数据!AM2<=6,(数据!AM2-1)*权重!AC$48, IF(数据!AM2<=12, 5*权重!AC$48+(数据!AM2-6)*权重!AC$49, 5*权重!AC$48+6*权重!AC$49+(数据!AM2-12)*权重!AC$51 )) -> 8.2333333 | AN2: =IF( 数据!AN2<=6,(数据!AN2-1)*权重!AD$48, IF(数据!AN2<=12, 5*权重!AD$48+(数据!AN2-6)*权重!AD$49, 5*权重!AD$48+6*权重!AD$49+(数据!AN2-12)*权重!AD$51 )) -> 19.7 | AO2: =IF( 数据!AO2<=6,(数据!AO2-1)*权重!AE$48, IF(数据!AO2<=12, 5*权重!AE$48+(数据!AO2-6)*权重!AE$49, 5*权重!AE$48+6*权重!AE$49+(数据!AO2-12)*权重!AE$51 )) -> 17.7 | AP2: =IF( 数据!AP2<=6,(数据!AP2-1)*权重!AF$48, IF(数据!AP2<=12, 5*权重!AF$48+(数据!AP2-6)*权重!AF$49, 5*权重!AF$48+6*权重!AF$49+(数据!AP2-12)*权重!AF$51 )) -> 13.833333 | AQ2: =IF( 数据!AQ2<=6,(数据!AQ2-1)*权重!AG$48, IF(数据!AQ2<=12, 5*权重!AG$48+(数据!AQ2-6)*权重!AG$49, 5*权重!AG$48+6*权重!AG$49+(数据!AQ2-12)*权重!AG$51 )) -> 14.466667 | AR2: =IF( 数据!AR2<=6,(数据!AR2-1)*权重!AH$48, IF(数据!AR2<=12, 5*权重!AH$48+(数据!AR2-6)*权重!AH$49, 5*权重!AH$48+6*权重!AH$49+(数据!AR2-12)*权重!AH$51 )) -> 10.033333 | AS2: =IF( 数据!AS2<=6,(数据!AS2-1)*权重!AI$48, IF(数据!AS2<=12, 5*权重!AI$48+(数据!AS2-6)*权重!AI$49, 5*权重!AI$48+6*权重!AI$49+(数据!AS2-12)*权重!AI$51 )) -> 5.7 | ... AU2: =IF( 数据!AU2<=6,(数据!AU2-1)*权重!AK$48, IF(数据!AU2<=12, 5*权重!AK$48+(数据!AU2-6)*权重!AK$49, 5*权重!AK$48+6*权重!AK$49+(数据!AU2-12)*权重!AK$51 )) -> 14.2 | AV2: =IF( 数据!AV2<=6,(数据!AV2-1)*权重!AL$48, IF(数据!AV2<=10, 5*权重!AL$48+(数据!AV2-4)*权重!AL$50, 5*权重!AL$48+4*权重!AL$50+(数据!AV2-10)*权重!AL$52 ) ) -> 3.4 | AW2: =IF( 数据!AW2<=6,(数据!AW2-1)*权重!AM$48, IF(数据!AW2<=10, 5*权重!AM$48+(数据!AW2-4)*权重!AM$50, 5*权重!AM$48+4*权重!AM$50+(数据!AW2-10)*权重!AM$52 ) ) -> 4.95 | AX2: =IF( 数据!AX2<=6,(数据!AX2-1)*权重!AN$48, IF(数据!AX2<=10, 5*权重!AN$48+(数据!AX2-4)*权重!AN$50, 5*权重!AN$48+4*权重!AN$50+(数据!AX2-10)*权重!AN$52 ) ) -> 21.2375 | AY2: 11 | AZ2: 10 | BA2: 12 | BB2: 15 | BC2: 5 | BD2: 13 | BE2: 11 | BF2: 12 | BG2: 6 | BH2: 16 | BI2: 14 | BJ2: - | BK2: 完​美 | BL2: 17 | BM2: - | BO2: - | BP2: 46203 | BQ2: 无 | BR2: 低​伤病​风险
A3: - | B3: =SUM(L3:AX3) -> 407.9825 | C3: 利桑德罗·马丁内斯 - 选​择球​员 | D3: 度​假 | E3: 1 | F3: 0 | G3: 稍​差 | H3: 后​卫 (左中) | I3: 27 | J3: 152 | K3: 160 | L3: =IF( 数据!L3<=6,(数据!L3-1)*权重!B$48, IF(数据!L3<=12, 5*权重!B$48+(数据!L3-6)*权重!B$49, 5*权重!B$48+6*权重!B$49+(数据!L3-12)*权重!B$51 ) ) -> 4.4 | M3: =IF( 数据!M3<=6,(数据!M3-1)*权重!C$48, IF(数据!M3<=12, 5*权重!C$48+(数据!M3-6)*权重!C$49, 5*权重!C$48+6*权重!C$49+(数据!M3-12)*权重!C$51 ) ) -> 1.7 | N3: =IF( 数据!N3<=6,(数据!N3-1)*权重!D$48, IF(数据!N3<=12, 5*权重!D$48+(数据!N3-6)*权重!D$49, 5*权重!D$48+6*权重!D$49+(数据!N3-12)*权重!D$51 ) ) -> 1.37 | O3: =IF( 数据!O3<=6,(数据!O3-1)*权重!E$48, IF(数据!O3<=12, 5*权重!E$48+(数据!O3-6)*权重!E$49, 5*权重!E$48+6*权重!E$49+(数据!O3-12)*权重!E$51 ) ) -> 0 | P3: =IF( 数据!P3<=6,(数据!P3-1)*权重!F$48, IF(数据!P3<=12, 5*权重!F$48+(数据!P3-6)*权重!F$49, 5*权重!F$48+6*权重!F$49+(数据!P3-12)*权重!F$51 ) ) -> -2.35 | Q3: =IF( 数据!Q3<=6,(数据!Q3-1)*权重!G$48, IF(数据!Q3<=12, 5*权重!G$48+(数据!Q3-6)*权重!G$49, 5*权重!G$48+6*权重!G$49+(数据!Q3-12)*权重!G$51 ) ) -> 0 | R3: =IF( 数据!R3<=6,(数据!R3-1)*权重!H$48, IF(数据!R3<=12, 5*权重!H$48+(数据!R3-6)*权重!H$49, 5*权重!H$48+6*权重!H$49+(数据!R3-12)*权重!H$51 ) ) -> 0 | S3: =IF( 数据!S3<=6,(数据!S3-1)*权重!I$48, IF(数据!S3<=12, 5*权重!I$48+(数据!S3-6)*权重!I$49, 5*权重!I$48+6*权重!I$49+(数据!S3-12)*权重!I$51 ) ) -> 10.6 | ... Y3: =IF( 数据!Y3<=6,(数据!Y3-1)*权重!O$48, IF(数据!Y3<=12, 5*权重!O$48+(数据!Y3-6)*权重!O$49, 5*权重!O$48+6*权重!O$49+(数据!Y3-12)*权重!O$51 ) ) -> 1.2 | Z3: =IF( 数据!Z3<=6,(数据!Z3-1)*权重!P$48, IF(数据!Z3<=10, 5*权重!P$48+(数据!Z3-4)*权重!P$50, 5*权重!P$48+4*权重!P$50+(数据!Z3-10)*权重!P$52 ) ) -> -1.85 | AA3: =IF( 数据!AA3<=6,(数据!AA3-1)*权重!Q$48, IF(数据!AA3<=12, 5*权重!Q$48+(数据!AA3-6)*权重!Q$49, 5*权重!Q$48+6*权重!Q$49+(数据!AA3-12)*权重!Q$51 ) ) -> 7.1666667 | AB3: =IF( 数据!AB3<=6,(数据!AB3-1)*权重!R$48, IF(数据!AB3<=10, 5*权重!R$48+(数据!AB3-4)*权重!R$50, 5*权重!R$48+4*权重!R$50+(数据!AB3-10)*权重!R$52 ) ) -> 56.75 | AC3: =IF( 数据!AC3<=6,(数据!AC3-1)*权重!S$48, IF(数据!AC3<=12, 5*权重!S$48+(数据!AC3-6)*权重!S$49, 5*权重!S$48+6*权重!S$49+(数据!AC3-12)*权重!S$51 ) ) -> 20.866667 | AD3: =IF( 数据!AD3<=6,(数据!AD3-1)*权重!T$48, IF(数据!AD3<=12, 5*权重!T$48+(数据!AD3-6)*权重!T$49, 5*权重!T$48+6*权重!T$49+(数据!AD3-12)*权重!T$51 ) ) -> -1.2333333 | AE3: =IF( 数据!AE3<=6,(数据!AE3-1)*权重!U$48, IF(数据!AE3<=10, 5*权重!U$48+(数据!AE3-4)*权重!U$50, 5*权重!U$48+4*权重!U$50+(数据!AE3-10)*权重!U$52 ) ) -> -1.4 | AF3: =IF( 数据!AF3<=6,(数据!AF3-1)*权重!V$48, IF(数据!AF3<=10, 5*权重!V$48+(数据!AF3-4)*权重!V$50, 5*权重!V$48+4*权重!V$50+(数据!AF3-10)*权重!V$52 ) ) -> 8.4 | AG3: =IF( 数据!AG3<=6,(数据!AG3-1)*权重!W$48, IF(数据!AG3<=12, 5*权重!W$48+(数据!AG3-6)*权重!W$49, 5*权重!W$48+6*权重!W$49+(数据!AG3-12)*权重!W$51 ) ) -> 3.5 | AH3: =IF( 数据!AH3<=6,(数据!AH3-1)*权重!X$48, IF(数据!AH3<=10, 5*权重!X$48+(数据!AH3-4)*权重!X$50, 5*权重!X$48+4*权重!X$50+(数据!AH3-10)*权重!X$52 ) ) -> -0.05 | AI3: =IF( 数据!AI3<=6,(数据!AI3-1)*权重!Y$48, IF(数据!AI3<=12, 5*权重!Y$48+(数据!AI3-6)*权重!Y$49, 5*权重!Y$48+6*权重!Y$49+(数据!AI3-12)*权重!Y$51 ) ) -> 0.13333333 | AJ3: =IF( 数据!AJ3<=6,(数据!AJ3-1)*权重!Z$48, IF(数据!AJ3<=10, 5*权重!Z$48+(数据!AJ3-4)*权重!Z$50, 5*权重!Z$48+4*权重!Z$50+(数据!AJ3-10)*权重!Z$52 ) ) -> 11.0125 | AK3: =IF( 数据!AK3<=6,(数据!AK3-1)*权重!AA$48, IF(数据!AK3<=10, 5*权重!AA$48+(数据!AK3-4)*权重!AA$50, 5*权重!AA$48+4*权重!AA$50+(数据!AK3-10)*权重!AA$52 ) ) -> -0.575 | AL3: =IF( 数据!AL3<=6,(数据!AL3-1)*权重!AB$48, IF(数据!AL3<=12, 5*权重!AB$48+(数据!AL3-6)*权重!AB$49, 5*权重!AB$48+6*权重!AB$49+(数据!AL3-12)*权重!AB$51 ) ) -> 16.2 | AM3: =IF( 数据!AM3<=6,(数据!AM3-1)*权重!AC$48, IF(数据!AM3<=12, 5*权重!AC$48+(数据!AM3-6)*权重!AC$49, 5*权重!AC$48+6*权重!AC$49+(数据!AM3-12)*权重!AC$51 ) ) -> 9.9666667 | AN3: =IF( 数据!AN3<=6,(数据!AN3-1)*权重!AD$48, IF(数据!AN3<=12, 5*权重!AD$48+(数据!AN3-6)*权重!AD$49, 5*权重!AD$48+6*权重!AD$49+(数据!AN3-12)*权重!AD$51 ) ) -> 67.875 | AO3: =IF( 数据!AO3<=6,(数据!AO3-1)*权重!AE$48, IF(数据!AO3<=12, 5*权重!AE$48+(数据!AO3-6)*权重!AE$49, 5*权重!AE$48+6*权重!AE$49+(数据!AO3-12)*权重!AE$51 ) ) -> 12.5 | AP3: =IF( 数据!AP3<=6,(数据!AP3-1)*权重!AF$48, IF(数据!AP3<=12, 5*权重!AF$48+(数据!AP3-6)*权重!AF$49, 5*权重!AF$48+6*权重!AF$49+(数据!AP3-12)*权重!AF$51 ) ) -> 15.433333 | AQ3: =IF( 数据!AQ3<=6,(数据!AQ3-1)*权重!AG$48, IF(数据!AQ3<=12, 5*权重!AG$48+(数据!AQ3-6)*权重!AG$49, 5*权重!AG$48+6*权重!AG$49+(数据!AQ3-12)*权重!AG$51 ) ) -> 19.35 | AR3: =IF( 数据!AR3<=6,(数据!AR3-1)*权重!AH$48, IF(数据!AR3<=12, 5*权重!AH$48+(数据!AR3-6)*权重!AH$49, 5*权重!AH$48+6*权重!AH$49+(数据!AR3-12)*权重!AH$51 ) ) -> 15.733333 | AS3: =IF( 数据!AS3<=6,(数据!AS3-1)*权重!AI$48, IF(数据!AS3<=12, 5*权重!AI$48+(数据!AS3-6)*权重!AI$49, 5*权重!AI$48+6*权重!AI$49+(数据!AS3-12)*权重!AI$51 ) ) -> 8.55 | ... AU3: =IF( 数据!AU3<=6,(数据!AU3-1)*权重!AK$48, IF(数据!AU3<=12, 5*权重!AK$48+(数据!AU3-6)*权重!AK$49, 5*权重!AK$48+6*权重!AK$49+(数据!AU3-12)*权重!AK$51 ) ) -> 14.8 | AV3: =IF( 数据!AV3<=6,(数据!AV3-1)*权重!AL$48, IF(数据!AV3<=10, 5*权重!AL$48+(数据!AV3-4)*权重!AL$50, 5*权重!AL$48+4*权重!AL$50+(数据!AV3-10)*权重!AL$52 ) ) -> 2.975 | AW3: =IF( 数据!AW3<=6,(数据!AW3-1)*权重!AM$48, IF(数据!AW3<=10, 5*权重!AM$48+(数据!AW3-4)*权重!AM$50, 5*权重!AM$48+4*权重!AM$50+(数据!AW3-10)*权重!AM$52 ) ) -> 3.075 | AX3: =IF( 数据!AX3<=6,(数据!AX3-1)*权重!AN$48, IF(数据!AX3<=10, 5*权重!AN$48+(数据!AX3-4)*权重!AN$50, 5*权重!AN$48+4*权重!AN$50+(数据!AX3-10)*权重!AN$52 ) ) -> 23.75 | AY3: 3 | AZ3: 1 | BA3: 1 | BB3: 3 | BC3: 3 | BD3: 1 | BE3: 1 | BF3: 1 | BG3: 3 | BH3: 2 | BI3: 2 | BJ3: - | BK3: 完​美 | BL3: 14 | BM3: - | BO3: 10 | BP3: 46568 | BQ3: 无 | BR3: 低​伤病​风险
A4: - | B4: =SUM(L4:AX4) -> 365.1625 | C4: 瑟内·拉门斯 - 选​择球​员 | D4: 度​假 | E4: 1 | F4: 0 | G4: 很​好 | H4: 门​将 | I4: 22 | J4: 138 | K4: 155 | L4: =IF( 数据!L4<=6,(数据!L4-1)*权重!B$48, IF(数据!L4<=12, 5*权重!B$48+(数据!L4-6)*权重!B$49, 5*权重!B$48+6*权重!B$49+(数据!L4-12)*权重!B$51 ) ) -> 3.4666667 | M4: =IF( 数据!M4<=6,(数据!M4-1)*权重!C$48, IF(数据!M4<=12, 5*权重!C$48+(数据!M4-6)*权重!C$49, 5*权重!C$48+6*权重!C$49+(数据!M4-12)*权重!C$51 ) ) -> 0.58 | N4: =IF( 数据!N4<=6,(数据!N4-1)*权重!D$48, IF(数据!N4<=12, 5*权重!D$48+(数据!N4-6)*权重!D$49, 5*权重!D$48+6*权重!D$49+(数据!N4-12)*权重!D$51 ) ) -> 0.52833333 | O4: =IF( 数据!O4<=6,(数据!O4-1)*权重!E$48, IF(数据!O4<=12, 5*权重!E$48+(数据!O4-6)*权重!E$49, 5*权重!E$48+6*权重!E$49+(数据!O4-12)*权重!E$51 ) ) -> 0 | P4: =IF( 数据!P4<=6,(数据!P4-1)*权重!F$48, IF(数据!P4<=12, 5*权重!F$48+(数据!P4-6)*权重!F$49, 5*权重!F$48+6*权重!F$49+(数据!P4-12)*权重!F$51 ) ) -> -3.5 | Q4: =IF( 数据!Q4<=6,(数据!Q4-1)*权重!G$48, IF(数据!Q4<=12, 5*权重!G$48+(数据!Q4-6)*权重!G$49, 5*权重!G$48+6*权重!G$49+(数据!Q4-12)*权重!G$51 ) ) -> 0 | R4: =IF( 数据!R4<=6,(数据!R4-1)*权重!H$48, IF(数据!R4<=12, 5*权重!H$48+(数据!R4-6)*权重!H$49, 5*权重!H$48+6*权重!H$49+(数据!R4-12)*权重!H$51 ) ) -> 0 | S4: =IF( 数据!S4<=6,(数据!S4-1)*权重!I$48, IF(数据!S4<=12, 5*权重!I$48+(数据!S4-6)*权重!I$49, 5*权重!I$48+6*权重!I$49+(数据!S4-12)*权重!I$51 ) ) -> 1.2 | ... Y4: =IF( 数据!Y4<=6,(数据!Y4-1)*权重!O$48, IF(数据!Y4<=12, 5*权重!O$48+(数据!Y4-6)*权重!O$49, 5*权重!O$48+6*权重!O$49+(数据!Y4-12)*权重!O$51 ) ) -> 0.48 | Z4: =IF( 数据!Z4<=6,(数据!Z4-1)*权重!P$48, IF(数据!Z4<=10, 5*权重!P$48+(数据!Z4-4)*权重!P$50, 5*权重!P$48+4*权重!P$50+(数据!Z4-10)*权重!P$52 ) ) -> 0 | AA4: =IF( 数据!AA4<=6,(数据!AA4-1)*权重!Q$48, IF(数据!AA4<=12, 5*权重!Q$48+(数据!AA4-6)*权重!Q$49, 5*权重!Q$48+6*权重!Q$49+(数据!AA4-12)*权重!Q$51 ) ) -> 5.1666667 | AB4: =IF( 数据!AB4<=6,(数据!AB4-1)*权重!R$48, IF(数据!AB4<=10, 5*权重!R$48+(数据!AB4-4)*权重!R$50, 5*权重!R$48+4*权重!R$50+(数据!AB4-10)*权重!R$52 ) ) -> 55.25 | AC4: =IF( 数据!AC4<=6,(数据!AC4-1)*权重!S$48, IF(数据!AC4<=12, 5*权重!S$48+(数据!AC4-6)*权重!S$49, 5*权重!S$48+6*权重!S$49+(数据!AC4-12)*权重!S$51 ) ) -> 20.866667 | AD4: =IF( 数据!AD4<=6,(数据!AD4-1)*权重!T$48, IF(数据!AD4<=12, 5*权重!T$48+(数据!AD4-6)*权重!T$49, 5*权重!T$48+6*权重!T$49+(数据!AD4-12)*权重!T$51 ) ) -> -1.2333333 | AE4: =IF( 数据!AE4<=6,(数据!AE4-1)*权重!U$48, IF(数据!AE4<=10, 5*权重!U$48+(数据!AE4-4)*权重!U$50, 5*权重!U$48+4*权重!U$50+(数据!AE4-10)*权重!U$52 ) ) -> -2.2 | AF4: =IF( 数据!AF4<=6,(数据!AF4-1)*权重!V$48, IF(数据!AF4<=10, 5*权重!V$48+(数据!AF4-4)*权重!V$50, 5*权重!V$48+4*权重!V$50+(数据!AF4-10)*权重!V$52 ) ) -> 4.32 | AG4: =IF( 数据!AG4<=6,(数据!AG4-1)*权重!W$48, IF(数据!AG4<=12, 5*权重!W$48+(数据!AG4-6)*权重!W$49, 5*权重!W$48+6*权重!W$49+(数据!AG4-12)*权重!W$51 ) ) -> 3.75 | AH4: =IF( 数据!AH4<=6,(数据!AH4-1)*权重!X$48, IF(数据!AH4<=10, 5*权重!X$48+(数据!AH4-4)*权重!X$50, 5*权重!X$48+4*权重!X$50+(数据!AH4-10)*权重!X$52 ) ) -> -0.275 | AI4: =IF( 数据!AI4<=6,(数据!AI4-1)*权重!Y$48, IF(数据!AI4<=12, 5*权重!Y$48+(数据!AI4-6)*权重!Y$49, 5*权重!Y$48+6*权重!Y$49+(数据!AI4-12)*权重!Y$51 ) ) -> 0 | AJ4: =IF( 数据!AJ4<=6,(数据!AJ4-1)*权重!Z$48, IF(数据!AJ4<=10, 5*权重!Z$48+(数据!AJ4-4)*权重!Z$50, 5*权重!Z$48+4*权重!Z$50+(数据!AJ4-10)*权重!Z$52 ) ) -> 11.6 | AK4: =IF( 数据!AK4<=6,(数据!AK4-1)*权重!AA$48, IF(数据!AK4<=10, 5*权重!AA$48+(数据!AK4-4)*权重!AA$50, 5*权重!AA$48+4*权重!AA$50+(数据!AK4-10)*权重!AA$52 ) ) -> -1.275 | AL4: =IF( 数据!AL4<=6,(数据!AL4-1)*权重!AB$48, IF(数据!AL4<=12, 5*权重!AB$48+(数据!AL4-6)*权重!AB$49, 5*权重!AB$48+6*权重!AB$49+(数据!AL4-12)*权重!AB$51 ) ) -> 13.5 | AM4: =IF( 数据!AM4<=6,(数据!AM4-1)*权重!AC$48, IF(数据!AM4<=12, 5*权重!AC$48+(数据!AM4-6)*权重!AC$49, 5*权重!AC$48+6*权重!AC$49+(数据!AM4-12)*权重!AC$51 ) ) -> 9.2333333 | AN4: =IF( 数据!AN4<=6,(数据!AN4-1)*权重!AD$48, IF(数据!AN4<=12, 5*权重!AD$48+(数据!AN4-6)*权重!AD$49, 5*权重!AD$48+6*权重!AD$49+(数据!AN4-12)*权重!AD$51 ) ) -> 67.875 | AO4: =IF( 数据!AO4<=6,(数据!AO4-1)*权重!AE$48, IF(数据!AO4<=12, 5*权重!AE$48+(数据!AO4-6)*权重!AE$49, 5*权重!AE$48+6*权重!AE$49+(数据!AO4-12)*权重!AE$51 ) ) -> 17.7 | AP4: =IF( 数据!AP4<=6,(数据!AP4-1)*权重!AF$48, IF(数据!AP4<=12, 5*权重!AF$48+(数据!AP4-6)*权重!AF$49, 5*权重!AF$48+6*权重!AF$49+(数据!AP4-12)*权重!AF$51 ) ) -> 17.366667 | AQ4: =IF( 数据!AQ4<=6,(数据!AQ4-1)*权重!AG$48, IF(数据!AQ4<=12, 5*权重!AG$48+(数据!AQ4-6)*权重!AG$49, 5*权重!AG$48+6*权重!AG$49+(数据!AQ4-12)*权重!AG$51 ) ) -> 17.8 | AR4: =IF( 数据!AR4<=6,(数据!AR4-1)*权重!AH$48, IF(数据!AR4<=12, 5*权重!AH$48+(数据!AR4-6)*权重!AH$49, 5*权重!AH$48+6*权重!AH$49+(数据!AR4-12)*权重!AH$51 ) ) -> 10.033333 | AS4: =IF( 数据!AS4<=6,(数据!AS4-1)*权重!AI$48, IF(数据!AS4<=12, 5*权重!AI$48+(数据!AS4-6)*权重!AI$49, 5*权重!AI$48+6*权重!AI$49+(数据!AS4-12)*权重!AI$51 ) ) -> 4.4166667 | ... AU4: =IF( 数据!AU4<=6,(数据!AU4-1)*权重!AK$48, IF(数据!AU4<=12, 5*权重!AK$48+(数据!AU4-6)*权重!AK$49, 5*权重!AK$48+6*权重!AK$49+(数据!AU4-12)*权重!AK$51 ) ) -> 13.9 | AV4: =IF( 数据!AV4<=6,(数据!AV4-1)*权重!AL$48, IF(数据!AV4<=10, 5*权重!AL$48+(数据!AV4-4)*权重!AL$50, 5*权重!AL$48+4*权重!AL$50+(数据!AV4-10)*权重!AL$52 ) ) -> 3.4 | AW4: =IF( 数据!AW4<=6,(数据!AW4-1)*权重!AM$48, IF(数据!AW4<=10, 5*权重!AM$48+(数据!AW4-4)*权重!AM$50, 5*权重!AM$48+4*权重!AM$50+(数据!AW4-10)*权重!AM$52 ) ) -> 3.825 | AX4: =IF( 数据!AX4<=6,(数据!AX4-1)*权重!AN$48, IF(数据!AX4<=10, 5*权重!AN$48+(数据!AX4-4)*权重!AN$50, 5*权重!AN$48+4*权重!AN$50+(数据!AX4-10)*权重!AN$52 ) ) -> 23.75 | AY4: 10 | AZ4: 14 | BA4: 15 | BB4: 13 | BC4: 10 | BD4: 13 | BE4: 12 | BF4: 13 | BG4: 4 | BH4: 13 | BI4: 15 | BJ4: - | BK4: 完​美 | BL4: 15 | BM4: - | BO4: - | BP4: 47664 | BQ4: 无 | BR4: 低​伤病​风险
A5: - | B5: =SUM(L5:AX5) -> 387.29083 | C5: 卡塞米罗 - 选​择球​员 | D5: 度​假 | E5: 1 | F5: 0 | G5: 还​可以 | H5: 后​腰, 中​场 (中) | I5: 33 | J5: 146 | K5: 170 | L5: =IF( 数据!L5<=6,(数据!L5-1)*权重!B$48, IF(数据!L5<=12, 5*权重!B$48+(数据!L5-6)*权重!B$49, 5*权重!B$48+6*权重!B$49+(数据!L5-12)*权重!B$51 ) ) -> 3.9333333 | M5: =IF( 数据!M5<=6,(数据!M5-1)*权重!C$48, IF(数据!M5<=12, 5*权重!C$48+(数据!M5-6)*权重!C$49, 5*权重!C$48+6*权重!C$49+(数据!M5-12)*权重!C$51 ) ) -> 0.9 | N5: =IF( 数据!N5<=6,(数据!N5-1)*权重!D$48, IF(数据!N5<=12, 5*权重!D$48+(数据!N5-6)*权重!D$49, 5*权重!D$48+6*权重!D$49+(数据!N5-12)*权重!D$51 ) ) -> 0.27 | O5: =IF( 数据!O5<=6,(数据!O5-1)*权重!E$48, IF(数据!O5<=12, 5*权重!E$48+(数据!O5-6)*权重!E$49, 5*权重!E$48+6*权重!E$49+(数据!O5-12)*权重!E$51 ) ) -> 0 | P5: =IF( 数据!P5<=6,(数据!P5-1)*权重!F$48, IF(数据!P5<=12, 5*权重!F$48+(数据!P5-6)*权重!F$49, 5*权重!F$48+6*权重!F$49+(数据!P5-12)*权重!F$51 ) ) -> -2.7333333 | Q5: =IF( 数据!Q5<=6,(数据!Q5-1)*权重!G$48, IF(数据!Q5<=12, 5*权重!G$48+(数据!Q5-6)*权重!G$49, 5*权重!G$48+6*权重!G$49+(数据!Q5-12)*权重!G$51 ) ) -> 0 | R5: =IF( 数据!R5<=6,(数据!R5-1)*权重!H$48, IF(数据!R5<=12, 5*权重!H$48+(数据!R5-6)*权重!H$49, 5*权重!H$48+6*权重!H$49+(数据!R5-12)*权重!H$51 ) ) -> 0 | S5: =IF( 数据!S5<=6,(数据!S5-1)*权重!I$48, IF(数据!S5<=12, 5*权重!I$48+(数据!S5-6)*权重!I$49, 5*权重!I$48+6*权重!I$49+(数据!S5-12)*权重!I$51 ) ) -> 12.133333 | ... Y5: =IF( 数据!Y5<=6,(数据!Y5-1)*权重!O$48, IF(数据!Y5<=12, 5*权重!O$48+(数据!Y5-6)*权重!O$49, 5*权重!O$48+6*权重!O$49+(数据!Y5-12)*权重!O$51 ) ) -> 3.3666667 | Z5: =IF( 数据!Z5<=6,(数据!Z5-1)*权重!P$48, IF(数据!Z5<=10, 5*权重!P$48+(数据!Z5-4)*权重!P$50, 5*权重!P$48+4*权重!P$50+(数据!Z5-10)*权重!P$52 ) ) -> -1.25 | AA5: =IF( 数据!AA5<=6,(数据!AA5-1)*权重!Q$48, IF(数据!AA5<=12, 5*权重!Q$48+(数据!AA5-6)*权重!Q$49, 5*权重!Q$48+6*权重!Q$49+(数据!AA5-12)*权重!Q$51 ) ) -> 5.8333333 | AB5: =IF( 数据!AB5<=6,(数据!AB5-1)*权重!R$48, IF(数据!AB5<=10, 5*权重!R$48+(数据!AB5-4)*权重!R$50, 5*权重!R$48+4*权重!R$50+(数据!AB5-10)*权重!R$52 ) ) -> 56 | AC5: =IF( 数据!AC5<=6,(数据!AC5-1)*权重!S$48, IF(数据!AC5<=12, 5*权重!S$48+(数据!AC5-6)*权重!S$49, 5*权重!S$48+6*权重!S$49+(数据!AC5-12)*权重!S$51 ) ) -> 20.866667 | AD5: =IF( 数据!AD5<=6,(数据!AD5-1)*权重!T$48, IF(数据!AD5<=12, 5*权重!T$48+(数据!AD5-6)*权重!T$49, 5*权重!T$48+6*权重!T$49+(数据!AD5-12)*权重!T$51 ) ) -> -1.6 | AE5: =IF( 数据!AE5<=6,(数据!AE5-1)*权重!U$48, IF(数据!AE5<=10, 5*权重!U$48+(数据!AE5-4)*权重!U$50, 5*权重!U$48+4*权重!U$50+(数据!AE5-10)*权重!U$52 ) ) -> -0.2 | AF5: =IF( 数据!AF5<=6,(数据!AF5-1)*权重!V$48, IF(数据!AF5<=10, 5*权重!V$48+(数据!AF5-4)*权重!V$50, 5*权重!V$48+4*权重!V$50+(数据!AF5-10)*权重!V$52 ) ) -> 8.4 | AG5: =IF( 数据!AG5<=6,(数据!AG5-1)*权重!W$48, IF(数据!AG5<=12, 5*权重!W$48+(数据!AG5-6)*权重!W$49, 5*权重!W$48+6*权重!W$49+(数据!AG5-12)*权重!W$51 ) ) -> 3.5 | AH5: =IF( 数据!AH5<=6,(数据!AH5-1)*权重!X$48, IF(数据!AH5<=10, 5*权重!X$48+(数据!AH5-4)*权重!X$50, 5*权重!X$48+4*权重!X$50+(数据!AH5-10)*权重!X$52 ) ) -> 0.2875 | AI5: =IF( 数据!AI5<=6,(数据!AI5-1)*权重!Y$48, IF(数据!AI5<=12, 5*权重!Y$48+(数据!AI5-6)*权重!Y$49, 5*权重!Y$48+6*权重!Y$49+(数据!AI5-12)*权重!Y$51 ) ) -> 0.26666667 | AJ5: =IF( 数据!AJ5<=6,(数据!AJ5-1)*权重!Z$48, IF(数据!AJ5<=10, 5*权重!Z$48+(数据!AJ5-4)*权重!Z$50, 5*权重!Z$48+4*权重!Z$50+(数据!AJ5-10)*权重!Z$52 ) ) -> 11.0125 | AK5: =IF( 数据!AK5<=6,(数据!AK5-1)*权重!AA$48, IF(数据!AK5<=10, 5*权重!AA$48+(数据!AK5-4)*权重!AA$50, 5*权重!AA$48+4*权重!AA$50+(数据!AK5-10)*权重!AA$52 ) ) -> -0.575 | AL5: =IF( 数据!AL5<=6,(数据!AL5-1)*权重!AB$48, IF(数据!AL5<=12, 5*权重!AB$48+(数据!AL5-6)*权重!AB$49, 5*权重!AB$48+6*权重!AB$49+(数据!AL5-12)*权重!AB$51 ) ) -> 17.1 | AM5: =IF( 数据!AM5<=6,(数据!AM5-1)*权重!AC$48, IF(数据!AM5<=12, 5*权重!AC$48+(数据!AM5-6)*权重!AC$49, 5*权重!AC$48+6*权重!AC$49+(数据!AM5-12)*权重!AC$51 ) ) -> 8.3666667 | AN5: =IF( 数据!AN5<=6,(数据!AN5-1)*权重!AD$48, IF(数据!AN5<=12, 5*权重!AD$48+(数据!AN5-6)*权重!AD$49, 5*权重!AD$48+6*权重!AD$49+(数据!AN5-12)*权重!AD$51 ) ) -> 46.25 | AO5: =IF( 数据!AO5<=6,(数据!AO5-1)*权重!AE$48, IF(数据!AO5<=12, 5*权重!AE$48+(数据!AO5-6)*权重!AE$49, 5*权重!AE$48+6*权重!AE$49+(数据!AO5-12)*权重!AE$51 ) ) -> 20.3 | AP5: =IF( 数据!AP5<=6,(数据!AP5-1)*权重!AF$48, IF(数据!AP5<=12, 5*权重!AF$48+(数据!AP5-6)*权重!AF$49, 5*权重!AF$48+6*权重!AF$49+(数据!AP5-12)*权重!AF$51 ) ) -> 14.166667 | AQ5: =IF( 数据!AQ5<=6,(数据!AQ5-1)*权重!AG$48, IF(数据!AQ5<=12, 5*权重!AG$48+(数据!AQ5-6)*权重!AG$49, 5*权重!AG$48+6*权重!AG$49+(数据!AQ5-12)*权重!AG$51 ) ) -> 17.8 | AR5: =IF( 数据!AR5<=6,(数据!AR5-1)*权重!AH$48, IF(数据!AR5<=12, 5*权重!AH$48+(数据!AR5-6)*权重!AH$49, 5*权重!AH$48+6*权重!AH$49+(数据!AR5-12)*权重!AH$51 ) ) -> 16.9 | AS5: =IF( 数据!AS5<=6,(数据!AS5-1)*权重!AI$48, IF(数据!AS5<=12, 5*权重!AI$48+(数据!AS5-6)*权重!AI$49, 5*权重!AI$48+6*权重!AI$49+(数据!AS5-12)*权重!AI$51 ) ) -> 10.45 | ... AU5: =IF( 数据!AU5<=6,(数据!AU5-1)*权重!AK$48, IF(数据!AU5<=12, 5*权重!AK$48+(数据!AU5-6)*权重!AK$49, 5*权重!AK$48+6*权重!AK$49+(数据!AU5-12)*权重!AK$51 ) ) -> 13.9 | AV5: =IF( 数据!AV5<=6,(数据!AV5-1)*权重!AL$48, IF(数据!AV5<=10, 5*权重!AL$48+(数据!AV5-4)*权重!AL$50, 5*权重!AL$48+4*权重!AL$50+(数据!AV5-10)*权重!AL$52 ) ) -> 2.975 | AW5: =IF( 数据!AW5<=6,(数据!AW5-1)*权重!AM$48, IF(数据!AW5<=10, 5*权重!AM$48+(数据!AW5-4)*权重!AM$50, 5*权重!AM$48+4*权重!AM$50+(数据!AW5-10)*权重!AM$52 ) ) -> 4.575 | AX5: =IF( 数据!AX5<=6,(数据!AX5-1)*权重!AN$48, IF(数据!AX5<=10, 5*权重!AN$48+(数据!AX5-4)*权重!AN$50, 5*权重!AN$48+4*权重!AN$50+(数据!AX5-10)*权重!AN$52 ) ) -> 24.5875 | AY5: 3 | AZ5: 1 | BA5: 2 | BB5: 3 | BC5: 2 | BD5: 1 | BE5: 1 | BF5: 3 | BG5: 2 | BH5: 3 | BI5: 3 | BJ5: - | BK5: 完​美 | BL5: 16 | BM5: - | BO5: 38 | BP5: 46203 | BQ5: 无 | BR5: 低​伤病​风险
A6: - | B6: =SUM(L6:AX6) -> 435.78917 | C6: 马特乌斯·库尼亚 - 选​择球​员 | D6: 度​假 | E6: 1 | F6: 0 | G6: 好 | H6: 攻​中场 (右左中), 前​锋 (中) | I6: 26 | J6: 152 | K6: 162 | L6: =IF( 数据!L6<=6,(数据!L6-1)*权重!B$48, IF(数据!L6<=12, 5*权重!B$48+(数据!L6-6)*权重!B$49, 5*权重!B$48+6*权重!B$49+(数据!L6-12)*权重!B$51 ) ) -> 3.9333333 | M6: =IF( 数据!M6<=6,(数据!M6-1)*权重!C$48, IF(数据!M6<=12, 5*权重!C$48+(数据!M6-6)*权重!C$49, 5*权重!C$48+6*权重!C$49+(数据!M6-12)*权重!C$51 ) ) -> 0.91666667 | N6: =IF( 数据!N6<=6,(数据!N6-1)*权重!D$48, IF(数据!N6<=12, 5*权重!D$48+(数据!N6-6)*权重!D$49, 5*权重!D$48+6*权重!D$49+(数据!N6-12)*权重!D$51 ) ) -> 0.48 | O6: =IF( 数据!O6<=6,(数据!O6-1)*权重!E$48, IF(数据!O6<=12, 5*权重!E$48+(数据!O6-6)*权重!E$49, 5*权重!E$48+6*权重!E$49+(数据!O6-12)*权重!E$51 ) ) -> 0 | P6: =IF( 数据!P6<=6,(数据!P6-1)*权重!F$48, IF(数据!P6<=12, 5*权重!F$48+(数据!P6-6)*权重!F$49, 5*权重!F$48+6*权重!F$49+(数据!P6-12)*权重!F$51 ) ) -> -1.9666667 | Q6: =IF( 数据!Q6<=6,(数据!Q6-1)*权重!G$48, IF(数据!Q6<=12, 5*权重!G$48+(数据!Q6-6)*权重!G$49, 5*权重!G$48+6*权重!G$49+(数据!Q6-12)*权重!G$51 ) ) -> 0 | R6: =IF( 数据!R6<=6,(数据!R6-1)*权重!H$48, IF(数据!R6<=12, 5*权重!H$48+(数据!R6-6)*权重!H$49, 5*权重!H$48+6*权重!H$49+(数据!R6-12)*权重!H$51 ) ) -> 0 | S6: =IF( 数据!S6<=6,(数据!S6-1)*权重!I$48, IF(数据!S6<=12, 5*权重!I$48+(数据!S6-6)*权重!I$49, 5*权重!I$48+6*权重!I$49+(数据!S6-12)*权重!I$51 ) ) -> 23.4 | ... Y6: =IF( 数据!Y6<=6,(数据!Y6-1)*权重!O$48, IF(数据!Y6<=12, 5*权重!O$48+(数据!Y6-6)*权重!O$49, 5*权重!O$48+6*权重!O$49+(数据!Y6-12)*权重!O$51 ) ) -> 4.2 | Z6: =IF( 数据!Z6<=6,(数据!Z6-1)*权重!P$48, IF(数据!Z6<=10, 5*权重!P$48+(数据!Z6-4)*权重!P$50, 5*权重!P$48+4*权重!P$50+(数据!Z6-10)*权重!P$52 ) ) -> -0.375 | AA6: =IF( 数据!AA6<=6,(数据!AA6-1)*权重!Q$48, IF(数据!AA6<=12, 5*权重!Q$48+(数据!AA6-6)*权重!Q$49, 5*权重!Q$48+6*权重!Q$49+(数据!AA6-12)*权重!Q$51 ) ) -> 5.68 | AB6: =IF( 数据!AB6<=6,(数据!AB6-1)*权重!R$48, IF(数据!AB6<=10, 5*权重!R$48+(数据!AB6-4)*权重!R$50, 5*权重!R$48+4*权重!R$50+(数据!AB6-10)*权重!R$52 ) ) -> 56.75 | AC6: =IF( 数据!AC6<=6,(数据!AC6-1)*权重!S$48, IF(数据!AC6<=12, 5*权重!S$48+(数据!AC6-6)*权重!S$49, 5*权重!S$48+6*权重!S$49+(数据!AC6-12)*权重!S$51 ) ) -> 15.75 | AD6: =IF( 数据!AD6<=6,(数据!AD6-1)*权重!T$48, IF(数据!AD6<=12, 5*权重!T$48+(数据!AD6-6)*权重!T$49, 5*权重!T$48+6*权重!T$49+(数据!AD6-12)*权重!T$51 ) ) -> -0.83333333 | AE6: =IF( 数据!AE6<=6,(数据!AE6-1)*权重!U$48, IF(数据!AE6<=10, 5*权重!U$48+(数据!AE6-4)*权重!U$50, 5*权重!U$48+4*权重!U$50+(数据!AE6-10)*权重!U$52 ) ) -> -2.45 | AF6: =IF( 数据!AF6<=6,(数据!AF6-1)*权重!V$48, IF(数据!AF6<=10, 5*权重!V$48+(数据!AF6-4)*权重!V$50, 5*权重!V$48+4*权重!V$50+(数据!AF6-10)*权重!V$52 ) ) -> 7.875 | AG6: =IF( 数据!AG6<=6,(数据!AG6-1)*权重!W$48, IF(数据!AG6<=12, 5*权重!W$48+(数据!AG6-6)*权重!W$49, 5*权重!W$48+6*权重!W$49+(数据!AG6-12)*权重!W$51 ) ) -> 3.1 | AH6: =IF( 数据!AH6<=6,(数据!AH6-1)*权重!X$48, IF(数据!AH6<=10, 5*权重!X$48+(数据!AH6-4)*权重!X$50, 5*权重!X$48+4*权重!X$50+(数据!AH6-10)*权重!X$52 ) ) -> -1.75 | AI6: =IF( 数据!AI6<=6,(数据!AI6-1)*权重!Y$48, IF(数据!AI6<=12, 5*权重!Y$48+(数据!AI6-6)*权重!Y$49, 5*权重!Y$48+6*权重!Y$49+(数据!AI6-12)*权重!Y$51 ) ) -> 0.26666667 | AJ6: =IF( 数据!AJ6<=6,(数据!AJ6-1)*权重!Z$48, IF(数据!AJ6<=10, 5*权重!Z$48+(数据!AJ6-4)*权重!Z$50, 5*权重!Z$48+4*权重!Z$50+(数据!AJ6-10)*权重!Z$52 ) ) -> 10.425 | AK6: =IF( 数据!AK6<=6,(数据!AK6-1)*权重!AA$48, IF(数据!AK6<=10, 5*权重!AA$48+(数据!AK6-4)*权重!AA$50, 5*权重!AA$48+4*权重!AA$50+(数据!AK6-10)*权重!AA$52 ) ) -> -0.925 | AL6: =IF( 数据!AL6<=6,(数据!AL6-1)*权重!AB$48, IF(数据!AL6<=12, 5*权重!AB$48+(数据!AL6-6)*权重!AB$49, 5*权重!AB$48+6*权重!AB$49+(数据!AL6-12)*权重!AB$51 ) ) -> 11.716667 | AM6: =IF( 数据!AM6<=6,(数据!AM6-1)*权重!AC$48, IF(数据!AM6<=12, 5*权重!AC$48+(数据!AM6-6)*权重!AC$49, 5*权重!AC$48+6*权重!AC$49+(数据!AM6-12)*权重!AC$51 ) ) -> 9.2333333 | AN6: =IF( 数据!AN6<=6,(数据!AN6-1)*权重!AD$48, IF(数据!AN6<=12, 5*权重!AD$48+(数据!AN6-6)*权重!AD$49, 5*权重!AD$48+6*权重!AD$49+(数据!AN6-12)*权重!AD$51 ) ) -> 82.0625 | AO6: =IF( 数据!AO6<=6,(数据!AO6-1)*权重!AE$48, IF(数据!AO6<=12, 5*权重!AE$48+(数据!AO6-6)*权重!AE$49, 5*权重!AE$48+6*权重!AE$49+(数据!AO6-12)*权重!AE$51 ) ) -> 12.5 | AP6: =IF( 数据!AP6<=6,(数据!AP6-1)*权重!AF$48, IF(数据!AP6<=12, 5*权重!AF$48+(数据!AP6-6)*权重!AF$49, 5*权重!AF$48+6*权重!AF$49+(数据!AP6-12)*权重!AF$51 ) ) -> 16.4 | AQ6: =IF( 数据!AQ6<=6,(数据!AQ6-1)*权重!AG$48, IF(数据!AQ6<=12, 5*权重!AG$48+(数据!AQ6-6)*权重!AG$49, 5*权重!AG$48+6*权重!AG$49+(数据!AQ6-12)*权重!AG$51 ) ) -> 18.316667 | AR6: =IF( 数据!AR6<=6,(数据!AR6-1)*权重!AH$48, IF(数据!AR6<=12, 5*权重!AH$48+(数据!AR6-6)*权重!AH$49, 5*权重!AH$48+6*权重!AH$49+(数据!AR6-12)*权重!AH$51 ) ) -> 16.9 | AS6: =IF( 数据!AS6<=6,(数据!AS6-1)*权重!AI$48, IF(数据!AS6<=12, 5*权重!AI$48+(数据!AS6-6)*权重!AI$49, 5*权重!AI$48+6*权重!AI$49+(数据!AS6-12)*权重!AI$51 ) ) -> 5.7 | ... AU6: =IF( 数据!AU6<=6,(数据!AU6-1)*权重!AK$48, IF(数据!AU6<=12, 5*权重!AK$48+(数据!AU6-6)*权重!AK$49, 5*权重!AK$48+6*权重!AK$49+(数据!AU6-12)*权重!AK$51 ) ) -> 13.9 | AV6: =IF( 数据!AV6<=6,(数据!AV6-1)*权重!AL$48, IF(数据!AV6<=10, 5*权重!AL$48+(数据!AV6-4)*权重!AL$50, 5*权重!AL$48+4*权重!AL$50+(数据!AV6-10)*权重!AL$52 ) ) -> 2.3 | AW6: =IF( 数据!AW6<=6,(数据!AW6-1)*权重!AM$48, IF(数据!AW6<=10, 5*权重!AM$48+(数据!AW6-4)*权重!AM$50, 5*权重!AM$48+4*权重!AM$50+(数据!AW6-10)*权重!AM$52 ) ) -> 4.2 | AX6: =IF( 数据!AX6<=6,(数据!AX6-1)*权重!AN$48, IF(数据!AX6<=10, 5*权重!AN$48+(数据!AX6-4)*权重!AN$50, 5*权重!AN$48+4*权重!AN$50+(数据!AX6-10)*权重!AN$52 ) ) -> 22.075 | AY6: 2 | AZ6: 2 | BA6: 2 | BB6: 2 | BC6: 3 | BD6: 2 | BE6: 1 | BF6: 2 | BG6: 2 | BH6: 3 | BI6: 2 | BJ6: - | BK6: 完​美 | BL6: 11 | BM6: - | BO6: 32 | BP6: 47664 | BQ6: 无 | BR6: 低​伤病​风险
A7: - | B7: =SUM(L7:AX7) -> 423.19 | C7: 帕特里克·多尔古 - 选​择球​员 | D7: 度​假 | E7: 1 | F7: 0 | G7: 较​好 | H7: 后​卫/边翼​卫/中​场 (左), 攻​中场 (右) | I7: 20 | J7: 139 | K7: 158 | L7: =IF( 数据!L7<=6,(数据!L7-1)*权重!B$48, IF(数据!L7<=12, 5*权重!B$48+(数据!L7-6)*权重!B$49, 5*权重!B$48+6*权重!B$49+(数据!L7-12)*权重!B$51 ) ) -> 3.0833333 | M7: =IF( 数据!M7<=6,(数据!M7-1)*权重!C$48, IF(数据!M7<=12, 5*权重!C$48+(数据!M7-6)*权重!C$49, 5*权重!C$48+6*权重!C$49+(数据!M7-12)*权重!C$51 ) ) -> 0.5 | N7: =IF( 数据!N7<=6,(数据!N7-1)*权重!D$48, IF(数据!N7<=12, 5*权重!D$48+(数据!N7-6)*权重!D$49, 5*权重!D$48+6*权重!D$49+(数据!N7-12)*权重!D$51 ) ) -> 0.25666667 | O7: =IF( 数据!O7<=6,(数据!O7-1)*权重!E$48, IF(数据!O7<=12, 5*权重!E$48+(数据!O7-6)*权重!E$49, 5*权重!E$48+6*权重!E$49+(数据!O7-12)*权重!E$51 ) ) -> 0 | P7: =IF( 数据!P7<=6,(数据!P7-1)*权重!F$48, IF(数据!P7<=12, 5*权重!F$48+(数据!P7-6)*权重!F$49, 5*权重!F$48+6*权重!F$49+(数据!P7-12)*权重!F$51 ) ) -> -3.1166667 | Q7: =IF( 数据!Q7<=6,(数据!Q7-1)*权重!G$48, IF(数据!Q7<=12, 5*权重!G$48+(数据!Q7-6)*权重!G$49, 5*权重!G$48+6*权重!G$49+(数据!Q7-12)*权重!G$51 ) ) -> 0 | R7: =IF( 数据!R7<=6,(数据!R7-1)*权重!H$48, IF(数据!R7<=12, 5*权重!H$48+(数据!R7-6)*权重!H$49, 5*权重!H$48+6*权重!H$49+(数据!R7-12)*权重!H$51 ) ) -> 0 | S7: =IF( 数据!S7<=6,(数据!S7-1)*权重!I$48, IF(数据!S7<=12, 5*权重!I$48+(数据!S7-6)*权重!I$49, 5*权重!I$48+6*权重!I$49+(数据!S7-12)*权重!I$51 ) ) -> 16.566667 | ... Y7: =IF( 数据!Y7<=6,(数据!Y7-1)*权重!O$48, IF(数据!Y7<=12, 5*权重!O$48+(数据!Y7-6)*权重!O$49, 5*权重!O$48+6*权重!O$49+(数据!Y7-12)*权重!O$51 ) ) -> 1.2833333 | Z7: =IF( 数据!Z7<=6,(数据!Z7-1)*权重!P$48, IF(数据!Z7<=10, 5*权重!P$48+(数据!Z7-4)*权重!P$50, 5*权重!P$48+4*权重!P$50+(数据!Z7-10)*权重!P$52 ) ) -> -1.425 | AA7: =IF( 数据!AA7<=6,(数据!AA7-1)*权重!Q$48, IF(数据!AA7<=12, 5*权重!Q$48+(数据!AA7-6)*权重!Q$49, 5*权重!Q$48+6*权重!Q$49+(数据!AA7-12)*权重!Q$51 ) ) -> 4.9333333 | AB7: =IF( 数据!AB7<=6,(数据!AB7-1)*权重!R$48, IF(数据!AB7<=10, 5*权重!R$48+(数据!AB7-4)*权重!R$50, 5*权重!R$48+4*权重!R$50+(数据!AB7-10)*权重!R$52 ) ) -> 56.75 | AC7: =IF( 数据!AC7<=6,(数据!AC7-1)*权重!S$48, IF(数据!AC7<=12, 5*权重!S$48+(数据!AC7-6)*权重!S$49, 5*权重!S$48+6*权重!S$49+(数据!AC7-12)*权重!S$51 ) ) -> 20.183333 | AD7: =IF( 数据!AD7<=6,(数据!AD7-1)*权重!T$48, IF(数据!AD7<=12, 5*权重!T$48+(数据!AD7-6)*权重!T$49, 5*权重!T$48+6*权重!T$49+(数据!AD7-12)*权重!T$51 ) ) -> 0.7 | AE7: =IF( 数据!AE7<=6,(数据!AE7-1)*权重!U$48, IF(数据!AE7<=10, 5*权重!U$48+(数据!AE7-4)*权重!U$50, 5*权重!U$48+4*权重!U$50+(数据!AE7-10)*权重!U$52 ) ) -> -3.275 | AF7: =IF( 数据!AF7<=6,(数据!AF7-1)*权重!V$48, IF(数据!AF7<=10, 5*权重!V$48+(数据!AF7-4)*权重!V$50, 5*权重!V$48+4*权重!V$50+(数据!AF7-10)*权重!V$52 ) ) -> 7.35 | AG7: =IF( 数据!AG7<=6,(数据!AG7-1)*权重!W$48, IF(数据!AG7<=12, 5*权重!W$48+(数据!AG7-6)*权重!W$49, 5*权重!W$48+6*权重!W$49+(数据!AG7-12)*权重!W$51 ) ) -> 4.4 | AH7: =IF( 数据!AH7<=6,(数据!AH7-1)*权重!X$48, IF(数据!AH7<=10, 5*权重!X$48+(数据!AH7-4)*权重!X$50, 5*权重!X$48+4*权重!X$50+(数据!AH7-10)*权重!X$52 ) ) -> -0.1625 | AI7: =IF( 数据!AI7<=6,(数据!AI7-1)*权重!Y$48, IF(数据!AI7<=12, 5*权重!Y$48+(数据!AI7-6)*权重!Y$49, 5*权重!Y$48+6*权重!Y$49+(数据!AI7-12)*权重!Y$51 ) ) -> 0.8 | AJ7: =IF( 数据!AJ7<=6,(数据!AJ7-1)*权重!Z$48, IF(数据!AJ7<=10, 5*权重!Z$48+(数据!AJ7-4)*权重!Z$50, 5*权重!Z$48+4*权重!Z$50+(数据!AJ7-10)*权重!Z$52 ) ) -> 9.8375 | AK7: =IF( 数据!AK7<=6,(数据!AK7-1)*权重!AA$48, IF(数据!AK7<=10, 5*权重!AA$48+(数据!AK7-4)*权重!AA$50, 5*权重!AA$48+4*权重!AA$50+(数据!AK7-10)*权重!AA$52 ) ) -> -2.6 | AL7: =IF( 数据!AL7<=6,(数据!AL7-1)*权重!AB$48, IF(数据!AL7<=12, 5*权重!AB$48+(数据!AL7-6)*权重!AB$49, 5*权重!AB$48+6*权重!AB$49+(数据!AL7-12)*权重!AB$51 ) ) -> 13.5 | AM7: =IF( 数据!AM7<=6,(数据!AM7-1)*权重!AC$48, IF(数据!AM7<=12, 5*权重!AC$48+(数据!AM7-6)*权重!AC$49, 5*权重!AC$48+6*权重!AC$49+(数据!AM7-12)*权重!AC$51 ) ) -> 8.2333333 | AN7: =IF( 数据!AN7<=6,(数据!AN7-1)*权重!AD$48, IF(数据!AN7<=12, 5*权重!AD$48+(数据!AN7-6)*权重!AD$49, 5*权重!AD$48+6*权重!AD$49+(数据!AN7-12)*权重!AD$51 ) ) -> 86.791667 | AO7: =IF( 数据!AO7<=6,(数据!AO7-1)*权重!AE$48, IF(数据!AO7<=12, 5*权重!AE$48+(数据!AO7-6)*权重!AE$49, 5*权重!AE$48+6*权重!AE$49+(数据!AO7-12)*权重!AE$51 ) ) -> 12.5 | AP7: =IF( 数据!AP7<=6,(数据!AP7-1)*权重!AF$48, IF(数据!AP7<=12, 5*权重!AF$48+(数据!AP7-6)*权重!AF$49, 5*权重!AF$48+6*权重!AF$49+(数据!AP7-12)*权重!AF$51 ) ) -> 13.5 | AQ7: =IF( 数据!AQ7<=6,(数据!AQ7-1)*权重!AG$48, IF(数据!AQ7<=12, 5*权重!AG$48+(数据!AQ7-6)*权重!AG$49, 5*权重!AG$48+6*权重!AG$49+(数据!AQ7-12)*权重!AG$51 ) ) -> 19.35 | AR7: =IF( 数据!AR7<=6,(数据!AR7-1)*权重!AH$48, IF(数据!AR7<=12, 5*权重!AH$48+(数据!AR7-6)*权重!AH$49, 5*权重!AH$48+6*权重!AH$49+(数据!AR7-12)*权重!AH$51 ) ) -> 11.716667 | AS7: =IF( 数据!AS7<=6,(数据!AS7-1)*权重!AI$48, IF(数据!AS7<=12, 5*权重!AI$48+(数据!AS7-6)*权重!AI$49, 5*权重!AI$48+6*权重!AI$49+(数据!AS7-12)*权重!AI$51 ) ) -> 7.6 | ... AU7: =IF( 数据!AU7<=6,(数据!AU7-1)*权重!AK$48, IF(数据!AU7<=12, 5*权重!AK$48+(数据!AU7-6)*权重!AK$49, 5*权重!AK$48+6*权重!AK$49+(数据!AU7-12)*权重!AK$51 ) ) -> 14.2 | AV7: =IF( 数据!AV7<=6,(数据!AV7-1)*权重!AL$48, IF(数据!AV7<=10, 5*权重!AL$48+(数据!AV7-4)*权重!AL$50, 5*权重!AL$48+4*权重!AL$50+(数据!AV7-10)*权重!AL$52 ) ) -> 2.55 | AW7: =IF( 数据!AW7<=6,(数据!AW7-1)*权重!AM$48, IF(数据!AW7<=10, 5*权重!AM$48+(数据!AW7-4)*权重!AM$50, 5*权重!AM$48+4*权重!AM$50+(数据!AW7-10)*权重!AM$52 ) ) -> 3.45 | AX7: =IF( 数据!AX7<=6,(数据!AX7-1)*权重!AN$48, IF(数据!AX7<=10, 5*权重!AN$48+(数据!AX7-4)*权重!AN$50, 5*权重!AN$48+4*权重!AN$50+(数据!AX7-10)*权重!AN$52 ) ) -> 18.2 | AY7: 1 | AZ7: 3 | BA7: 2 | BB7: 2 | BC7: 2 | BD7: 2 | BE7: 1 | BF7: 1 | BG7: 3 | BH7: 1 | BI7: 1 | BJ7: - | BK7: 完​美 | BL7: 13 | BM7: - | BO7: - | BP7: 47664 | BQ7: 无 | BR7: 低​伤病​风险
A8: - | B8: =SUM(L8:AX8) -> 397.11167 | C8: 哈里·马奎尔 - 选​择球​员 | D8: 度​假 | E8: 1 | F8: 0 | G8: 很​好 | H8: 后​卫 (中) | I8: 32 | J8: 148 | K8: 158 | L8: =IF( 数据!L8<=6,(数据!L8-1)*权重!B$48, IF(数据!L8<=12, 5*权重!B$48+(数据!L8-6)*权重!B$49, 5*权重!B$48+6*权重!B$49+(数据!L8-12)*权重!B$51 ) ) -> 3.4666667 | M8: =IF( 数据!M8<=6,(数据!M8-1)*权重!C$48, IF(数据!M8<=12, 5*权重!C$48+(数据!M8-6)*权重!C$49, 5*权重!C$48+6*权重!C$49+(数据!M8-12)*权重!C$51 ) ) -> 2.5 | N8: =IF( 数据!N8<=6,(数据!N8-1)*权重!D$48, IF(数据!N8<=12, 5*权重!D$48+(数据!N8-6)*权重!D$49, 5*权重!D$48+6*权重!D$49+(数据!N8-12)*权重!D$51 ) ) -> 0.82 | O8: =IF( 数据!O8<=6,(数据!O8-1)*权重!E$48, IF(数据!O8<=12, 5*权重!E$48+(数据!O8-6)*权重!E$49, 5*权重!E$48+6*权重!E$49+(数据!O8-12)*权重!E$51 ) ) -> 0 | P8: =IF( 数据!P8<=6,(数据!P8-1)*权重!F$48, IF(数据!P8<=12, 5*权重!F$48+(数据!P8-6)*权重!F$49, 5*权重!F$48+6*权重!F$49+(数据!P8-12)*权重!F$51 ) ) -> -3.1166667 | Q8: =IF( 数据!Q8<=6,(数据!Q8-1)*权重!G$48, IF(数据!Q8<=12, 5*权重!G$48+(数据!Q8-6)*权重!G$49, 5*权重!G$48+6*权重!G$49+(数据!Q8-12)*权重!G$51 ) ) -> 0 | R8: =IF( 数据!R8<=6,(数据!R8-1)*权重!H$48, IF(数据!R8<=12, 5*权重!H$48+(数据!R8-6)*权重!H$49, 5*权重!H$48+6*权重!H$49+(数据!R8-12)*权重!H$51 ) ) -> 0 | S8: =IF( 数据!S8<=6,(数据!S8-1)*权重!I$48, IF(数据!S8<=12, 5*权重!I$48+(数据!S8-6)*权重!I$49, 5*权重!I$48+6*权重!I$49+(数据!S8-12)*权重!I$51 ) ) -> 12.133333 | ... Y8: =IF( 数据!Y8<=6,(数据!Y8-1)*权重!O$48, IF(数据!Y8<=12, 5*权重!O$48+(数据!Y8-6)*权重!O$49, 5*权重!O$48+6*权重!O$49+(数据!Y8-12)*权重!O$51 ) ) -> 1.2833333 | Z8: =IF( 数据!Z8<=6,(数据!Z8-1)*权重!P$48, IF(数据!Z8<=10, 5*权重!P$48+(数据!Z8-4)*权重!P$50, 5*权重!P$48+4*权重!P$50+(数据!Z8-10)*权重!P$52 ) ) -> -1.725 | AA8: =IF( 数据!AA8<=6,(数据!AA8-1)*权重!Q$48, IF(数据!AA8<=12, 5*权重!Q$48+(数据!AA8-6)*权重!Q$49, 5*权重!Q$48+6*权重!Q$49+(数据!AA8-12)*权重!Q$51 ) ) -> 7.1666667 | AB8: =IF( 数据!AB8<=6,(数据!AB8-1)*权重!R$48, IF(数据!AB8<=10, 5*权重!R$48+(数据!AB8-4)*权重!R$50, 5*权重!R$48+4*权重!R$50+(数据!AB8-10)*权重!R$52 ) ) -> 54.5 | AC8: =IF( 数据!AC8<=6,(数据!AC8-1)*权重!S$48, IF(数据!AC8<=12, 5*权重!S$48+(数据!AC8-6)*权重!S$49, 5*权重!S$48+6*权重!S$49+(数据!AC8-12)*权重!S$51 ) ) -> 20.866667 | AD8: =IF( 数据!AD8<=6,(数据!AD8-1)*权重!T$48, IF(数据!AD8<=12, 5*权重!T$48+(数据!AD8-6)*权重!T$49, 5*权重!T$48+6*权重!T$49+(数据!AD8-12)*权重!T$51 ) ) -> -1.6 | AE8: =IF( 数据!AE8<=6,(数据!AE8-1)*权重!U$48, IF(数据!AE8<=10, 5*权重!U$48+(数据!AE8-4)*权重!U$50, 5*权重!U$48+4*权重!U$50+(数据!AE8-10)*权重!U$52 ) ) -> -1 | AF8: =IF( 数据!AF8<=6,(数据!AF8-1)*权重!V$48, IF(数据!AF8<=10, 5*权重!V$48+(数据!AF8-4)*权重!V$50, 5*权重!V$48+4*权重!V$50+(数据!AF8-10)*权重!V$52 ) ) -> 7.35 | AG8: =IF( 数据!AG8<=6,(数据!AG8-1)*权重!W$48, IF(数据!AG8<=12, 5*权重!W$48+(数据!AG8-6)*权重!W$49, 5*权重!W$48+6*权重!W$49+(数据!AG8-12)*权重!W$51 ) ) -> 3.1 | AH8: =IF( 数据!AH8<=6,(数据!AH8-1)*权重!X$48, IF(数据!AH8<=10, 5*权重!X$48+(数据!AH8-4)*权重!X$50, 5*权重!X$48+4*权重!X$50+(数据!AH8-10)*权重!X$52 ) ) -> -0.05 | AI8: =IF( 数据!AI8<=6,(数据!AI8-1)*权重!Y$48, IF(数据!AI8<=12, 5*权重!Y$48+(数据!AI8-6)*权重!Y$49, 5*权重!Y$48+6*权重!Y$49+(数据!AI8-12)*权重!Y$51 ) ) -> 0.16666667 | AJ8: =IF( 数据!AJ8<=6,(数据!AJ8-1)*权重!Z$48, IF(数据!AJ8<=10, 5*权重!Z$48+(数据!AJ8-4)*权重!Z$50, 5*权重!Z$48+4*权重!Z$50+(数据!AJ8-10)*权重!Z$52 ) ) -> 7.4875 | AK8: =IF( 数据!AK8<=6,(数据!AK8-1)*权重!AA$48, IF(数据!AK8<=10, 5*权重!AA$48+(数据!AK8-4)*权重!AA$50, 5*权重!AA$48+4*权重!AA$50+(数据!AK8-10)*权重!AA$52 ) ) -> -0.575 | AL8: =IF( 数据!AL8<=6,(数据!AL8-1)*权重!AB$48, IF(数据!AL8<=12, 5*权重!AB$48+(数据!AL8-6)*权重!AB$49, 5*权重!AB$48+6*权重!AB$49+(数据!AL8-12)*权重!AB$51 ) ) -> 14.4 | AM8: =IF( 数据!AM8<=6,(数据!AM8-1)*权重!AC$48, IF(数据!AM8<=12, 5*权重!AC$48+(数据!AM8-6)*权重!AC$49, 5*权重!AC$48+6*权重!AC$49+(数据!AM8-12)*权重!AC$51 ) ) -> 8.8666667 | AN8: =IF( 数据!AN8<=6,(数据!AN8-1)*权重!AD$48, IF(数据!AN8<=12, 5*权重!AD$48+(数据!AN8-6)*权重!AD$49, 5*权重!AD$48+6*权重!AD$49+(数据!AN8-12)*权重!AD$51 ) ) -> 53.458333 | AO8: =IF( 数据!AO8<=6,(数据!AO8-1)*权重!AE$48, IF(数据!AO8<=12, 5*权重!AE$48+(数据!AO8-6)*权重!AE$49, 5*权重!AE$48+6*权重!AE$49+(数据!AO8-12)*权重!AE$51 ) ) -> 25.5 | AP8: =IF( 数据!AP8<=6,(数据!AP8-1)*权重!AF$48, IF(数据!AP8<=12, 5*权重!AF$48+(数据!AP8-6)*权重!AF$49, 5*权重!AF$48+6*权重!AF$49+(数据!AP8-12)*权重!AF$51 ) ) -> 14.466667 | AQ8: =IF( 数据!AQ8<=6,(数据!AQ8-1)*权重!AG$48, IF(数据!AQ8<=12, 5*权重!AG$48+(数据!AQ8-6)*权重!AG$49, 5*权重!AG$48+6*权重!AG$49+(数据!AQ8-12)*权重!AG$51 ) ) -> 20.383333 | AR8: =IF( 数据!AR8<=6,(数据!AR8-1)*权重!AH$48, IF(数据!AR8<=12, 5*权重!AH$48+(数据!AR8-6)*权重!AH$49, 5*权重!AH$48+6*权重!AH$49+(数据!AR8-12)*权重!AH$51 ) ) -> 14.566667 | AS8: =IF( 数据!AS8<=6,(数据!AS8-1)*权重!AI$48, IF(数据!AS8<=12, 5*权重!AI$48+(数据!AS8-6)*权重!AI$49, 5*权重!AI$48+6*权重!AI$49+(数据!AS8-12)*权重!AI$51 ) ) -> 10.45 | ... AU8: =IF( 数据!AU8<=6,(数据!AU8-1)*权重!AK$48, IF(数据!AU8<=12, 5*权重!AK$48+(数据!AU8-6)*权重!AK$49, 5*权重!AK$48+6*权重!AK$49+(数据!AU8-12)*权重!AK$51 ) ) -> 15.4 | AV8: =IF( 数据!AV8<=6,(数据!AV8-1)*权重!AL$48, IF(数据!AV8<=10, 5*权重!AL$48+(数据!AV8-4)*权重!AL$50, 5*权重!AL$48+4*权重!AL$50+(数据!AV8-10)*权重!AL$52 ) ) -> 2.55 | AW8: =IF( 数据!AW8<=6,(数据!AW8-1)*权重!AM$48, IF(数据!AW8<=10, 5*权重!AM$48+(数据!AW8-4)*权重!AM$50, 5*权重!AM$48+4*权重!AM$50+(数据!AW8-10)*权重!AM$52 ) ) -> 3.825 | AX8: =IF( 数据!AX8<=6,(数据!AX8-1)*权重!AN$48, IF(数据!AX8<=10, 5*权重!AN$48+(数据!AX8-4)*权重!AN$50, 5*权重!AN$48+4*权重!AN$50+(数据!AX8-10)*权重!AN$52 ) ) -> 21.2375 | AY8: 4 | AZ8: 2 | BA8: 2 | BB8: 3 | BC8: 2 | BD8: 3 | BE8: 3 | BF8: 2 | BG8: 2 | BH8: 2 | BI8: 2 | BJ8: - | BK8: 完​美 | BL8: 16 | BM8: - | BO8: 21 | BP8: 46203 | BQ8: 无 | BR8: 低​伤病​风险
A9: - | B9: =SUM(L9:AX9) -> 419.96167 | C9: 梅森·蒙特 - 选​择球​员 | D9: 度​假 | E9: 1 | F9: 0 | G9: 好 | H9: 中​场 (中), 攻​中场 (右左中) | I9: 26 | J9: 150 | K9: 165 | L9: =IF( 数据!L9<=6,(数据!L9-1)*权重!B$48, IF(数据!L9<=12, 5*权重!B$48+(数据!L9-6)*权重!B$49, 5*权重!B$48+6*权重!B$49+(数据!L9-12)*权重!B$51 ) ) -> 3.9333333 | M9: =IF( 数据!M9<=6,(数据!M9-1)*权重!C$48, IF(数据!M9<=12, 5*权重!C$48+(数据!M9-6)*权重!C$49, 5*权重!C$48+6*权重!C$49+(数据!M9-12)*权重!C$51 ) ) -> 0.5 | N9: =IF( 数据!N9<=6,(数据!N9-1)*权重!D$48, IF(数据!N9<=12, 5*权重!D$48+(数据!N9-6)*权重!D$49, 5*权重!D$48+6*权重!D$49+(数据!N9-12)*权重!D$51 ) ) -> 0.52833333 | O9: =IF( 数据!O9<=6,(数据!O9-1)*权重!E$48, IF(数据!O9<=12, 5*权重!E$48+(数据!O9-6)*权重!E$49, 5*权重!E$48+6*权重!E$49+(数据!O9-12)*权重!E$51 ) ) -> 0 | P9: =IF( 数据!P9<=6,(数据!P9-1)*权重!F$48, IF(数据!P9<=12, 5*权重!F$48+(数据!P9-6)*权重!F$49, 5*权重!F$48+6*权重!F$49+(数据!P9-12)*权重!F$51 ) ) -> -2.7333333 | Q9: =IF( 数据!Q9<=6,(数据!Q9-1)*权重!G$48, IF(数据!Q9<=12, 5*权重!G$48+(数据!Q9-6)*权重!G$49, 5*权重!G$48+6*权重!G$49+(数据!Q9-12)*权重!G$51 ) ) -> 0 | R9: =IF( 数据!R9<=6,(数据!R9-1)*权重!H$48, IF(数据!R9<=12, 5*权重!H$48+(数据!R9-6)*权重!H$49, 5*权重!H$48+6*权重!H$49+(数据!R9-12)*权重!H$51 ) ) -> 0 | S9: =IF( 数据!S9<=6,(数据!S9-1)*权重!I$48, IF(数据!S9<=12, 5*权重!I$48+(数据!S9-6)*权重!I$49, 5*权重!I$48+6*权重!I$49+(数据!S9-12)*权重!I$51 ) ) -> 13.666667 | ... Y9: =IF( 数据!Y9<=6,(数据!Y9-1)*权重!O$48, IF(数据!Y9<=12, 5*权重!O$48+(数据!Y9-6)*权重!O$49, 5*权重!O$48+6*权重!O$49+(数据!Y9-12)*权重!O$51 ) ) -> 1.7 | Z9: =IF( 数据!Z9<=6,(数据!Z9-1)*权重!P$48, IF(数据!Z9<=10, 5*权重!P$48+(数据!Z9-4)*权重!P$50, 5*权重!P$48+4*权重!P$50+(数据!Z9-10)*权重!P$52 ) ) -> -1.075 | AA9: =IF( 数据!AA9<=6,(数据!AA9-1)*权重!Q$48, IF(数据!AA9<=12, 5*权重!Q$48+(数据!AA9-6)*权重!Q$49, 5*权重!Q$48+6*权重!Q$49+(数据!AA9-12)*权重!Q$51 ) ) -> 5.8333333 | AB9: =IF( 数据!AB9<=6,(数据!AB9-1)*权重!R$48, IF(数据!AB9<=10, 5*权重!R$48+(数据!AB9-4)*权重!R$50, 5*权重!R$48+4*权重!R$50+(数据!AB9-10)*权重!R$52 ) ) -> 59.75 | AC9: =IF( 数据!AC9<=6,(数据!AC9-1)*权重!S$48, IF(数据!AC9<=12, 5*权重!S$48+(数据!AC9-6)*权重!S$49, 5*权重!S$48+6*权重!S$49+(数据!AC9-12)*权重!S$51 ) ) -> 20.866667 | AD9: =IF( 数据!AD9<=6,(数据!AD9-1)*权重!T$48, IF(数据!AD9<=12, 5*权重!T$48+(数据!AD9-6)*权重!T$49, 5*权重!T$48+6*权重!T$49+(数据!AD9-12)*权重!T$51 ) ) -> -0.86666667 | AE9: =IF( 数据!AE9<=6,(数据!AE9-1)*权重!U$48, IF(数据!AE9<=10, 5*权重!U$48+(数据!AE9-4)*权重!U$50, 5*权重!U$48+4*权重!U$50+(数据!AE9-10)*权重!U$52 ) ) -> -2.45 | AF9: =IF( 数据!AF9<=6,(数据!AF9-1)*权重!V$48, IF(数据!AF9<=10, 5*权重!V$48+(数据!AF9-4)*权重!V$50, 5*权重!V$48+4*权重!V$50+(数据!AF9-10)*权重!V$52 ) ) -> 7.6125 | AG9: =IF( 数据!AG9<=6,(数据!AG9-1)*权重!W$48, IF(数据!AG9<=12, 5*权重!W$48+(数据!AG9-6)*权重!W$49, 5*权重!W$48+6*权重!W$49+(数据!AG9-12)*权重!W$51 ) ) -> 3.1 | AH9: =IF( 数据!AH9<=6,(数据!AH9-1)*权重!X$48, IF(数据!AH9<=10, 5*权重!X$48+(数据!AH9-4)*权重!X$50, 5*权重!X$48+4*权重!X$50+(数据!AH9-10)*权重!X$52 ) ) -> 0.4 | AI9: =IF( 数据!AI9<=6,(数据!AI9-1)*权重!Y$48, IF(数据!AI9<=12, 5*权重!Y$48+(数据!AI9-6)*权重!Y$49, 5*权重!Y$48+6*权重!Y$49+(数据!AI9-12)*权重!Y$51 ) ) -> 1.0666667 | AJ9: =IF( 数据!AJ9<=6,(数据!AJ9-1)*权重!Z$48, IF(数据!AJ9<=10, 5*权重!Z$48+(数据!AJ9-4)*权重!Z$50, 5*权重!Z$48+4*权重!Z$50+(数据!AJ9-10)*权重!Z$52 ) ) -> 11.0125 | AK9: =IF( 数据!AK9<=6,(数据!AK9-1)*权重!AA$48, IF(数据!AK9<=10, 5*权重!AA$48+(数据!AK9-4)*权重!AA$50, 5*权重!AA$48+4*权重!AA$50+(数据!AK9-10)*权重!AA$52 ) ) -> -0.925 | AL9: =IF( 数据!AL9<=6,(数据!AL9-1)*权重!AB$48, IF(数据!AL9<=12, 5*权重!AB$48+(数据!AL9-6)*权重!AB$49, 5*权重!AB$48+6*权重!AB$49+(数据!AL9-12)*权重!AB$51 ) ) -> 13.5 | AM9: =IF( 数据!AM9<=6,(数据!AM9-1)*权重!AC$48, IF(数据!AM9<=12, 5*权重!AC$48+(数据!AM9-6)*权重!AC$49, 5*权重!AC$48+6*权重!AC$49+(数据!AM9-12)*权重!AC$51 ) ) -> 8.8666667 | AN9: =IF( 数据!AN9<=6,(数据!AN9-1)*权重!AD$48, IF(数据!AN9<=12, 5*权重!AD$48+(数据!AN9-6)*权重!AD$49, 5*权重!AD$48+6*权重!AD$49+(数据!AN9-12)*权重!AD$51 ) ) -> 77.333333 | AO9: =IF( 数据!AO9<=6,(数据!AO9-1)*权重!AE$48, IF(数据!AO9<=12, 5*权重!AE$48+(数据!AO9-6)*权重!AE$49, 5*权重!AE$48+6*权重!AE$49+(数据!AO9-12)*权重!AE$51 ) ) -> 6.9666667 | AP9: =IF( 数据!AP9<=6,(数据!AP9-1)*权重!AF$48, IF(数据!AP9<=12, 5*权重!AF$48+(数据!AP9-6)*权重!AF$49, 5*权重!AF$48+6*权重!AF$49+(数据!AP9-12)*权重!AF$51 ) ) -> 16.4 | AQ9: =IF( 数据!AQ9<=6,(数据!AQ9-1)*权重!AG$48, IF(数据!AQ9<=12, 5*权重!AG$48+(数据!AQ9-6)*权重!AG$49, 5*权重!AG$48+6*权重!AG$49+(数据!AQ9-12)*权重!AG$51 ) ) -> 20.9 | AR9: =IF( 数据!AR9<=6,(数据!AR9-1)*权重!AH$48, IF(数据!AR9<=12, 5*权重!AH$48+(数据!AR9-6)*权重!AH$49, 5*权重!AH$48+6*权重!AH$49+(数据!AR9-12)*权重!AH$51 ) ) -> 11.716667 | AS9: =IF( 数据!AS9<=6,(数据!AS9-1)*权重!AI$48, IF(数据!AS9<=12, 5*权重!AI$48+(数据!AS9-6)*权重!AI$49, 5*权重!AI$48+6*权重!AI$49+(数据!AS9-12)*权重!AI$51 ) ) -> 3.1333333 | ... AU9: =IF( 数据!AU9<=6,(数据!AU9-1)*权重!AK$48, IF(数据!AU9<=12, 5*权重!AK$48+(数据!AU9-6)*权重!AK$49, 5*权重!AK$48+6*权重!AK$49+(数据!AU9-12)*权重!AK$51 ) ) -> 14.2 | AV9: =IF( 数据!AV9<=6,(数据!AV9-1)*权重!AL$48, IF(数据!AV9<=10, 5*权重!AL$48+(数据!AV9-4)*权重!AL$50, 5*权重!AL$48+4*权重!AL$50+(数据!AV9-10)*权重!AL$52 ) ) -> 2.55 | AW9: =IF( 数据!AW9<=6,(数据!AW9-1)*权重!AM$48, IF(数据!AW9<=10, 5*权重!AM$48+(数据!AW9-4)*权重!AM$50, 5*权重!AM$48+4*权重!AM$50+(数据!AW9-10)*权重!AM$52 ) ) -> 4.2 | AX9: =IF( 数据!AX9<=6,(数据!AX9-1)*权重!AN$48, IF(数据!AX9<=10, 5*权重!AN$48+(数据!AX9-4)*权重!AN$50, 5*权重!AN$48+4*权重!AN$50+(数据!AX9-10)*权重!AN$52 ) ) -> 23.75 | AY9: 1 | AZ9: 1 | BA9: 2 | BB9: 3 | BC9: 1 | BD9: 1 | BE9: 3 | BF9: 4 | BG9: 1 | BH9: 3 | BI9: 4 | BJ9: - | BK9: 完​美 | BL9: 16 | BM9: - | BO9: 43 | BP9: 46934 | BQ9: 无 | BR9: 低​伤病​风险
A10: - | B10: =SUM(L10:AX10) -> 291.92583 | C10: 德莫特·米 - 选​择球​员 | D10: 度​假 | E10: 0.95 | F10: 0 | G10: 差 | H10: 门​将 | I10: 22 | J10: 76 | K10: 94 | L10: =IF( 数据!L10<=6,(数据!L10-1)*权重!B$48, IF(数据!L10<=12, 5*权重!B$48+(数据!L10-6)*权重!B$49, 5*权重!B$48+6*权重!B$49+(数据!L10-12)*权重!B$51 ) ) -> 3.5 | M10: =IF( 数据!M10<=6,(数据!M10-1)*权重!C$48, IF(数据!M10<=12, 5*权重!C$48+(数据!M10-6)*权重!C$49, 5*权重!C$48+6*权重!C$49+(数据!M10-12)*权重!C$51 ) ) -> 0 | N10: =IF( 数据!N10<=6,(数据!N10-1)*权重!D$48, IF(数据!N10<=12, 5*权重!D$48+(数据!N10-6)*权重!D$49, 5*权重!D$48+6*权重!D$49+(数据!N10-12)*权重!D$51 ) ) -> 0.32 | O10: =IF( 数据!O10<=6,(数据!O10-1)*权重!E$48, IF(数据!O10<=12, 5*权重!E$48+(数据!O10-6)*权重!E$49, 5*权重!E$48+6*权重!E$49+(数据!O10-12)*权重!E$51 ) ) -> 0 | P10: =IF( 数据!P10<=6,(数据!P10-1)*权重!F$48, IF(数据!P10<=12, 5*权重!F$48+(数据!P10-6)*权重!F$49, 5*权重!F$48+6*权重!F$49+(数据!P10-12)*权重!F$51 ) ) -> -3.5666667 | Q10: =IF( 数据!Q10<=6,(数据!Q10-1)*权重!G$48, IF(数据!Q10<=12, 5*权重!G$48+(数据!Q10-6)*权重!G$49, 5*权重!G$48+6*权重!G$49+(数据!Q10-12)*权重!G$51 ) ) -> 0 | R10: =IF( 数据!R10<=6,(数据!R10-1)*权重!H$48, IF(数据!R10<=12, 5*权重!H$48+(数据!R10-6)*权重!H$49, 5*权重!H$48+6*权重!H$49+(数据!R10-12)*权重!H$51 ) ) -> 0 | S10: =IF( 数据!S10<=6,(数据!S10-1)*权重!I$48, IF(数据!S10<=12, 5*权重!I$48+(数据!S10-6)*权重!I$49, 5*权重!I$48+6*权重!I$49+(数据!S10-12)*权重!I$51 ) ) -> 1.2 | ... Y10: =IF( 数据!Y10<=6,(数据!Y10-1)*权重!O$48, IF(数据!Y10<=12, 5*权重!O$48+(数据!Y10-6)*权重!O$49, 5*权重!O$48+6*权重!O$49+(数据!Y10-12)*权重!O$51 ) ) -> 0 | Z10: =IF( 数据!Z10<=6,(数据!Z10-1)*权重!P$48, IF(数据!Z10<=10, 5*权重!P$48+(数据!Z10-4)*权重!P$50, 5*权重!P$48+4*权重!P$50+(数据!Z10-10)*权重!P$52 ) ) -> 0 | AA10: =IF( 数据!AA10<=6,(数据!AA10-1)*权重!Q$48, IF(数据!AA10<=12, 5*权重!Q$48+(数据!AA10-6)*权重!Q$49, 5*权重!Q$48+6*权重!Q$49+(数据!AA10-12)*权重!Q$51 ) ) -> 4.9333333 | AB10: =IF( 数据!AB10<=6,(数据!AB10-1)*权重!R$48, IF(数据!AB10<=10, 5*权重!R$48+(数据!AB10-4)*权重!R$50, 5*权重!R$48+4*权重!R$50+(数据!AB10-10)*权重!R$52 ) ) -> 50.8 | AC10: =IF( 数据!AC10<=6,(数据!AC10-1)*权重!S$48, IF(数据!AC10<=12, 5*权重!S$48+(数据!AC10-6)*权重!S$49, 5*权重!S$48+6*权重!S$49+(数据!AC10-12)*权重!S$51 ) ) -> 18 | AD10: =IF( 数据!AD10<=6,(数据!AD10-1)*权重!T$48, IF(数据!AD10<=12, 5*权重!T$48+(数据!AD10-6)*权重!T$49, 5*权重!T$48+6*权重!T$49+(数据!AD10-12)*权重!T$51 ) ) -> 0.7 | AE10: =IF( 数据!AE10<=6,(数据!AE10-1)*权重!U$48, IF(数据!AE10<=10, 5*权重!U$48+(数据!AE10-4)*权重!U$50, 5*权重!U$48+4*权重!U$50+(数据!AE10-10)*权重!U$52 ) ) -> -3.275 | AF10: =IF( 数据!AF10<=6,(数据!AF10-1)*权重!V$48, IF(数据!AF10<=10, 5*权重!V$48+(数据!AF10-4)*权重!V$50, 5*权重!V$48+4*权重!V$50+(数据!AF10-10)*权重!V$52 ) ) -> 6.5625 | AG10: =IF( 数据!AG10<=6,(数据!AG10-1)*权重!W$48, IF(数据!AG10<=12, 5*权重!W$48+(数据!AG10-6)*权重!W$49, 5*权重!W$48+6*权重!W$49+(数据!AG10-12)*权重!W$51 ) ) -> 4.2 | AH10: =IF( 数据!AH10<=6,(数据!AH10-1)*权重!X$48, IF(数据!AH10<=10, 5*权重!X$48+(数据!AH10-4)*权重!X$50, 5*权重!X$48+4*权重!X$50+(数据!AH10-10)*权重!X$52 ) ) -> -1.125 | AI10: =IF( 数据!AI10<=6,(数据!AI10-1)*权重!Y$48, IF(数据!AI10<=12, 5*权重!Y$48+(数据!AI10-6)*权重!Y$49, 5*权重!Y$48+6*权重!Y$49+(数据!AI10-12)*权重!Y$51 ) ) -> 0.08 | AJ10: =IF( 数据!AJ10<=6,(数据!AJ10-1)*权重!Z$48, IF(数据!AJ10<=10, 5*权重!Z$48+(数据!AJ10-4)*权重!Z$50, 5*权重!Z$48+4*权重!Z$50+(数据!AJ10-10)*权重!Z$52 ) ) -> 2.96 | AK10: =IF( 数据!AK10<=6,(数据!AK10-1)*权重!AA$48, IF(数据!AK10<=10, 5*权重!AA$48+(数据!AK10-4)*权重!AA$50, 5*权重!AA$48+4*权重!AA$50+(数据!AK10-10)*权重!AA$52 ) ) -> -2.6 | AL10: =IF( 数据!AL10<=6,(数据!AL10-1)*权重!AB$48, IF(数据!AL10<=12, 5*权重!AB$48+(数据!AL10-6)*权重!AB$49, 5*权重!AB$48+6*权重!AB$49+(数据!AL10-12)*权重!AB$51 ) ) -> 11.716667 | AM10: =IF( 数据!AM10<=6,(数据!AM10-1)*权重!AC$48, IF(数据!AM10<=12, 5*权重!AC$48+(数据!AM10-6)*权重!AC$49, 5*权重!AC$48+6*权重!AC$49+(数据!AM10-12)*权重!AC$51 ) ) -> 7.9666667 | AN10: =IF( 数据!AN10<=6,(数据!AN10-1)*权重!AD$48, IF(数据!AN10<=12, 5*权重!AD$48+(数据!AN10-6)*权重!AD$49, 5*权重!AD$48+6*权重!AD$49+(数据!AN10-12)*权重!AD$51 ) ) -> 60.666667 | AO10: =IF( 数据!AO10<=6,(数据!AO10-1)*权重!AE$48, IF(数据!AO10<=12, 5*权重!AE$48+(数据!AO10-6)*权重!AE$49, 5*权重!AE$48+6*权重!AE$49+(数据!AO10-12)*权重!AE$51 ) ) -> 15.1 | AP10: =IF( 数据!AP10<=6,(数据!AP10-1)*权重!AF$48, IF(数据!AP10<=12, 5*权重!AF$48+(数据!AP10-6)*权重!AF$49, 5*权重!AF$48+6*权重!AF$49+(数据!AP10-12)*权重!AF$51 ) ) -> 13.5 | AQ10: =IF( 数据!AQ10<=6,(数据!AQ10-1)*权重!AG$48, IF(数据!AQ10<=12, 5*权重!AG$48+(数据!AQ10-6)*权重!AG$49, 5*权重!AG$48+6*权重!AG$49+(数据!AQ10-12)*权重!AG$51 ) ) -> 13.633333 | AR10: =IF( 数据!AR10<=6,(数据!AR10-1)*权重!AH$48, IF(数据!AR10<=12, 5*权重!AH$48+(数据!AR10-6)*权重!AH$49, 5*权重!AH$48+6*权重!AH$49+(数据!AR10-12)*权重!AH$51 ) ) -> 10.033333 | AS10: =IF( 数据!AS10<=6,(数据!AS10-1)*权重!AI$48, IF(数据!AS10<=12, 5*权重!AI$48+(数据!AS10-6)*权重!AI$49, 5*权重!AI$48+6*权重!AI$49+(数据!AS10-12)*权重!AI$51 ) ) -> 0.56666667 | ... AU10: =IF( 数据!AU10<=6,(数据!AU10-1)*权重!AK$48, IF(数据!AU10<=12, 5*权重!AK$48+(数据!AU10-6)*权重!AK$49, 5*权重!AK$48+6*权重!AK$49+(数据!AU10-12)*权重!AK$51 ) ) -> 6.2333333 | AV10: =IF( 数据!AV10<=6,(数据!AV10-1)*权重!AL$48, IF(数据!AV10<=10, 5*权重!AL$48+(数据!AV10-4)*权重!AL$50, 5*权重!AL$48+4*权重!AL$50+(数据!AV10-10)*权重!AL$52 ) ) -> 5.525 | AW10: =IF( 数据!AW10<=6,(数据!AW10-1)*权重!AM$48, IF(数据!AW10<=10, 5*权重!AM$48+(数据!AW10-4)*权重!AM$50, 5*权重!AM$48+4*权重!AM$50+(数据!AW10-10)*权重!AM$52 ) ) -> 4.575 | AX10: =IF( 数据!AX10<=6,(数据!AX10-1)*权重!AN$48, IF(数据!AX10<=10, 5*权重!AN$48+(数据!AX10-4)*权重!AN$50, 5*权重!AN$48+4*权重!AN$50+(数据!AX10-10)*权重!AN$52 ) ) -> 22.9125 | AY10: 8 | AZ10: 9 | BA10: 13 | BB10: 9 | BC10: 6 | BD10: 12 | BE10: 6 | BF10: 8 | BG10: 5 | BH10: 8 | BI10: 14 | BJ10: - | BK10: 优​秀 | BL10: 8 | BM10: - | BO10: - | BP10: 46203 | BQ10: 无 | BR10: 低​伤病​风险
A11: - | B11: =SUM(L11:AX11) -> 425.06583 | C11: 卢克·肖 - 选​择球​员 | D11: 度​假 | E11: 1 | F11: 0 | G11: 有​点差 | H11: 后​卫 (左中) | I11: 29 | J11: 152 | K11: 162 | L11: =IF( 数据!L11<=6,(数据!L11-1)*权重!B$48, IF(数据!L11<=12, 5*权重!B$48+(数据!L11-6)*权重!B$49, 5*权重!B$48+6*权重!B$49+(数据!L11-12)*权重!B$51 ) ) -> 4.4 | M11: =IF( 数据!M11<=6,(数据!M11-1)*权重!C$48, IF(数据!M11<=12, 5*权重!C$48+(数据!M11-6)*权重!C$49, 5*权重!C$48+6*权重!C$49+(数据!M11-12)*权重!C$51 ) ) -> 1.3333333 | N11: =IF( 数据!N11<=6,(数据!N11-1)*权重!D$48, IF(数据!N11<=12, 5*权重!D$48+(数据!N11-6)*权重!D$49, 5*权重!D$48+6*权重!D$49+(数据!N11-12)*权重!D$51 ) ) -> 0.27 | O11: =IF( 数据!O11<=6,(数据!O11-1)*权重!E$48, IF(数据!O11<=12, 5*权重!E$48+(数据!O11-6)*权重!E$49, 5*权重!E$48+6*权重!E$49+(数据!O11-12)*权重!E$51 ) ) -> 0 | P11: =IF( 数据!P11<=6,(数据!P11-1)*权重!F$48, IF(数据!P11<=12, 5*权重!F$48+(数据!P11-6)*权重!F$49, 5*权重!F$48+6*权重!F$49+(数据!P11-12)*权重!F$51 ) ) -> -2.7333333 | Q11: =IF( 数据!Q11<=6,(数据!Q11-1)*权重!G$48, IF(数据!Q11<=12, 5*权重!G$48+(数据!Q11-6)*权重!G$49, 5*权重!G$48+6*权重!G$49+(数据!Q11-12)*权重!G$51 ) ) -> 0 | R11: =IF( 数据!R11<=6,(数据!R11-1)*权重!H$48, IF(数据!R11<=12, 5*权重!H$48+(数据!R11-6)*权重!H$49, 5*权重!H$48+6*权重!H$49+(数据!R11-12)*权重!H$51 ) ) -> 0 | S11: =IF( 数据!S11<=6,(数据!S11-1)*权重!I$48, IF(数据!S11<=12, 5*权重!I$48+(数据!S11-6)*权重!I$49, 5*权重!I$48+6*权重!I$49+(数据!S11-12)*权重!I$51 ) ) -> 17.933333 | ... Y11: =IF( 数据!Y11<=6,(数据!Y11-1)*权重!O$48, IF(数据!Y11<=12, 5*权重!O$48+(数据!Y11-6)*权重!O$49, 5*权重!O$48+6*权重!O$49+(数据!Y11-12)*权重!O$51 ) ) -> 1.2 | Z11: =IF( 数据!Z11<=6,(数据!Z11-1)*权重!P$48, IF(数据!Z11<=10, 5*权重!P$48+(数据!Z11-4)*权重!P$50, 5*权重!P$48+4*权重!P$50+(数据!Z11-10)*权重!P$52 ) ) -> -1.85 | AA11: =IF( 数据!AA11<=6,(数据!AA11-1)*权重!Q$48, IF(数据!AA11<=12, 5*权重!Q$48+(数据!AA11-6)*权重!Q$49, 5*权重!Q$48+6*权重!Q$49+(数据!AA11-12)*权重!Q$51 ) ) -> 6.5 | AB11: =IF( 数据!AB11<=6,(数据!AB11-1)*权重!R$48, IF(数据!AB11<=10, 5*权重!R$48+(数据!AB11-4)*权重!R$50, 5*权重!R$48+4*权重!R$50+(数据!AB11-10)*权重!R$52 ) ) -> 55.25 | AC11: =IF( 数据!AC11<=6,(数据!AC11-1)*权重!S$48, IF(数据!AC11<=12, 5*权重!S$48+(数据!AC11-6)*权重!S$49, 5*权重!S$48+6*权重!S$49+(数据!AC11-12)*权重!S$51 ) ) -> 20.183333 | AD11: =IF( 数据!AD11<=6,(数据!AD11-1)*权重!T$48, IF(数据!AD11<=12, 5*权重!T$48+(数据!AD11-6)*权重!T$49, 5*权重!T$48+6*权重!T$49+(数据!AD11-12)*权重!T$51 ) ) -> -0.86666667 | AE11: =IF( 数据!AE11<=6,(数据!AE11-1)*权重!U$48, IF(数据!AE11<=10, 5*权重!U$48+(数据!AE11-4)*权重!U$50, 5*权重!U$48+4*权重!U$50+(数据!AE11-10)*权重!U$52 ) ) -> -2.2 | AF11: =IF( 数据!AF11<=6,(数据!AF11-1)*权重!V$48, IF(数据!AF11<=10, 5*权重!V$48+(数据!AF11-4)*权重!V$50, 5*权重!V$48+4*权重!V$50+(数据!AF11-10)*权重!V$52 ) ) -> 7.0875 | AG11: =IF( 数据!AG11<=6,(数据!AG11-1)*权重!W$48, IF(数据!AG11<=12, 5*权重!W$48+(数据!AG11-6)*权重!W$49, 5*权重!W$48+6*权重!W$49+(数据!AG11-12)*权重!W$51 ) ) -> 3.3 | AH11: =IF( 数据!AH11<=6,(数据!AH11-1)*权重!X$48, IF(数据!AH11<=10, 5*权重!X$48+(数据!AH11-4)*权重!X$50, 5*权重!X$48+4*权重!X$50+(数据!AH11-10)*权重!X$52 ) ) -> 0.0625 | AI11: =IF( 数据!AI11<=6,(数据!AI11-1)*权重!Y$48, IF(数据!AI11<=12, 5*权重!Y$48+(数据!AI11-6)*权重!Y$49, 5*权重!Y$48+6*权重!Y$49+(数据!AI11-12)*权重!Y$51 ) ) -> 0.53333333 | AJ11: =IF( 数据!AJ11<=6,(数据!AJ11-1)*权重!Z$48, IF(数据!AJ11<=10, 5*权重!Z$48+(数据!AJ11-4)*权重!Z$50, 5*权重!Z$48+4*权重!Z$50+(数据!AJ11-10)*权重!Z$52 ) ) -> 6.65 | AK11: =IF( 数据!AK11<=6,(数据!AK11-1)*权重!AA$48, IF(数据!AK11<=10, 5*权重!AA$48+(数据!AK11-4)*权重!AA$50, 5*权重!AA$48+4*权重!AA$50+(数据!AK11-10)*权重!AA$52 ) ) -> -1.275 | AL11: =IF( 数据!AL11<=6,(数据!AL11-1)*权重!AB$48, IF(数据!AL11<=12, 5*权重!AB$48+(数据!AL11-6)*权重!AB$49, 5*权重!AB$48+6*权重!AB$49+(数据!AL11-12)*权重!AB$51 ) ) -> 15.3 | AM11: =IF( 数据!AM11<=6,(数据!AM11-1)*权重!AC$48, IF(数据!AM11<=12, 5*权重!AC$48+(数据!AM11-6)*权重!AC$49, 5*权重!AC$48+6*权重!AC$49+(数据!AM11-12)*权重!AC$51 ) ) -> 9.6 | AN11: =IF( 数据!AN11<=6,(数据!AN11-1)*权重!AD$48, IF(数据!AN11<=12, 5*权重!AD$48+(数据!AN11-6)*权重!AD$49, 5*权重!AD$48+6*权重!AD$49+(数据!AN11-12)*权重!AD$51 ) ) -> 77.333333 | AO11: =IF( 数据!AO11<=6,(数据!AO11-1)*权重!AE$48, IF(数据!AO11<=12, 5*权重!AE$48+(数据!AO11-6)*权重!AE$49, 5*权重!AE$48+6*权重!AE$49+(数据!AO11-12)*权重!AE$51 ) ) -> 17.7 | AP11: =IF( 数据!AP11<=6,(数据!AP11-1)*权重!AF$48, IF(数据!AP11<=12, 5*权重!AF$48+(数据!AP11-6)*权重!AF$49, 5*权重!AF$48+6*权重!AF$49+(数据!AP11-12)*权重!AF$51 ) ) -> 16.4 | AQ11: =IF( 数据!AQ11<=6,(数据!AQ11-1)*权重!AG$48, IF(数据!AQ11<=12, 5*权重!AG$48+(数据!AQ11-6)*权重!AG$49, 5*权重!AG$48+6*权重!AG$49+(数据!AQ11-12)*权重!AG$51 ) ) -> 18.833333 | AR11: =IF( 数据!AR11<=6,(数据!AR11-1)*权重!AH$48, IF(数据!AR11<=12, 5*权重!AH$48+(数据!AR11-6)*权重!AH$49, 5*权重!AH$48+6*权重!AH$49+(数据!AR11-12)*权重!AH$51 ) ) -> 16.9 | AS11: =IF( 数据!AS11<=6,(数据!AS11-1)*权重!AI$48, IF(数据!AS11<=12, 5*权重!AI$48+(数据!AS11-6)*权重!AI$49, 5*权重!AI$48+6*权重!AI$49+(数据!AS11-12)*权重!AI$51 ) ) -> 9.5 | ... AU11: =IF( 数据!AU11<=6,(数据!AU11-1)*权重!AK$48, IF(数据!AU11<=12, 5*权重!AK$48+(数据!AU11-6)*权重!AK$49, 5*权重!AK$48+6*权重!AK$49+(数据!AU11-12)*权重!AK$51 ) ) -> 10.833333 | AV11: =IF( 数据!AV11<=6,(数据!AV11-1)*权重!AL$48, IF(数据!AV11<=10, 5*权重!AL$48+(数据!AV11-4)*权重!AL$50, 5*权重!AL$48+4*权重!AL$50+(数据!AV11-10)*权重!AL$52 ) ) -> 3.4 | AW11: =IF( 数据!AW11<=6,(数据!AW11-1)*权重!AM$48, IF(数据!AW11<=10, 5*权重!AM$48+(数据!AW11-4)*权重!AM$50, 5*权重!AM$48+4*权重!AM$50+(数据!AW11-10)*权重!AM$52 ) ) -> 3.825 | AX11: =IF( 数据!AX11<=6,(数据!AX11-1)*权重!AN$48, IF(数据!AX11<=10, 5*权重!AN$48+(数据!AX11-4)*权重!AN$50, 5*权重!AN$48+4*权重!AN$50+(数据!AX11-10)*权重!AN$52 ) ) -> 22.9125 | AY11: 3 | AZ11: 3 | BA11: 1 | BB11: 1 | BC11: 3 | BD11: 1 | BE11: 1 | BF11: 1 | BG11: 1 | BH11: 1 | BI11: 2 | BJ11: - | BK11: 完​美 | BL11: 11 | BM11: - | BO11: 3 | BP11: 46568 | BQ11: 无 | BR11: 低​伤病​风险
A12: - | B12: =SUM(L12:AX12) -> 409.95417 | C12: 诺赛尔·马兹拉乌 - 选​择球​员 | D12: 度​假 | E12: 1 | F12: 0 | G12: 很​好 | H12: 后​卫 (右左中), 边翼​卫 (右) | I12: 27 | J12: 149 | K12: 155 | L12: =IF( 数据!L12<=6,(数据!L12-1)*权重!B$48, IF(数据!L12<=12, 5*权重!B$48+(数据!L12-6)*权重!B$49, 5*权重!B$48+6*权重!B$49+(数据!L12-12)*权重!B$51 ) ) -> 3.9333333 | M12: =IF( 数据!M12<=6,(数据!M12-1)*权重!C$48, IF(数据!M12<=12, 5*权重!C$48+(数据!M12-6)*权重!C$49, 5*权重!C$48+6*权重!C$49+(数据!M12-12)*权重!C$51 ) ) -> 0.5 | N12: =IF( 数据!N12<=6,(数据!N12-1)*权重!D$48, IF(数据!N12<=12, 5*权重!D$48+(数据!N12-6)*权重!D$49, 5*权重!D$48+6*权重!D$49+(数据!N12-12)*权重!D$51 ) ) -> -0.55833333 | O12: =IF( 数据!O12<=6,(数据!O12-1)*权重!E$48, IF(数据!O12<=12, 5*权重!E$48+(数据!O12-6)*权重!E$49, 5*权重!E$48+6*权重!E$49+(数据!O12-12)*权重!E$51 ) ) -> 0 | P12: =IF( 数据!P12<=6,(数据!P12-1)*权重!F$48, IF(数据!P12<=12, 5*权重!F$48+(数据!P12-6)*权重!F$49, 5*权重!F$48+6*权重!F$49+(数据!P12-12)*权重!F$51 ) ) -> -1.9666667 | Q12: =IF( 数据!Q12<=6,(数据!Q12-1)*权重!G$48, IF(数据!Q12<=12, 5*权重!G$48+(数据!Q12-6)*权重!G$49, 5*权重!G$48+6*权重!G$49+(数据!Q12-12)*权重!G$51 ) ) -> 0 | R12: =IF( 数据!R12<=6,(数据!R12-1)*权重!H$48, IF(数据!R12<=12, 5*权重!H$48+(数据!R12-6)*权重!H$49, 5*权重!H$48+6*权重!H$49+(数据!R12-12)*权重!H$51 ) ) -> 0 | S12: =IF( 数据!S12<=6,(数据!S12-1)*权重!I$48, IF(数据!S12<=12, 5*权重!I$48+(数据!S12-6)*权重!I$49, 5*权重!I$48+6*权重!I$49+(数据!S12-12)*权重!I$51 ) ) -> 17.933333 | ... Y12: =IF( 数据!Y12<=6,(数据!Y12-1)*权重!O$48, IF(数据!Y12<=12, 5*权重!O$48+(数据!Y12-6)*权重!O$49, 5*权重!O$48+6*权重!O$49+(数据!Y12-12)*权重!O$51 ) ) -> 1.7 | Z12: =IF( 数据!Z12<=6,(数据!Z12-1)*权重!P$48, IF(数据!Z12<=10, 5*权重!P$48+(数据!Z12-4)*权重!P$50, 5*权重!P$48+4*权重!P$50+(数据!Z12-10)*权重!P$52 ) ) -> -0.725 | AA12: =IF( 数据!AA12<=6,(数据!AA12-1)*权重!Q$48, IF(数据!AA12<=12, 5*权重!Q$48+(数据!AA12-6)*权重!Q$49, 5*权重!Q$48+6*权重!Q$49+(数据!AA12-12)*权重!Q$51 ) ) -> 4.5 | AB12: =IF( 数据!AB12<=6,(数据!AB12-1)*权重!R$48, IF(数据!AB12<=10, 5*权重!R$48+(数据!AB12-4)*权重!R$50, 5*权重!R$48+4*权重!R$50+(数据!AB12-10)*权重!R$52 ) ) -> 57.5 | AC12: =IF( 数据!AC12<=6,(数据!AC12-1)*权重!S$48, IF(数据!AC12<=12, 5*权重!S$48+(数据!AC12-6)*权重!S$49, 5*权重!S$48+6*权重!S$49+(数据!AC12-12)*权重!S$51 ) ) -> 19.5 | AD12: =IF( 数据!AD12<=6,(数据!AD12-1)*权重!T$48, IF(数据!AD12<=12, 5*权重!T$48+(数据!AD12-6)*权重!T$49, 5*权重!T$48+6*权重!T$49+(数据!AD12-12)*权重!T$51 ) ) -> -0.86666667 | AE12: =IF( 数据!AE12<=6,(数据!AE12-1)*权重!U$48, IF(数据!AE12<=10, 5*权重!U$48+(数据!AE12-4)*权重!U$50, 5*权重!U$48+4*权重!U$50+(数据!AE12-10)*权重!U$52 ) ) -> -2.2 | AF12: =IF( 数据!AF12<=6,(数据!AF12-1)*权重!V$48, IF(数据!AF12<=10, 5*权重!V$48+(数据!AF12-4)*权重!V$50, 5*权重!V$48+4*权重!V$50+(数据!AF12-10)*权重!V$52 ) ) -> 7.0875 | AG12: =IF( 数据!AG12<=6,(数据!AG12-1)*权重!W$48, IF(数据!AG12<=12, 5*权重!W$48+(数据!AG12-6)*权重!W$49, 5*权重!W$48+6*权重!W$49+(数据!AG12-12)*权重!W$51 ) ) -> 3.5 | AH12: =IF( 数据!AH12<=6,(数据!AH12-1)*权重!X$48, IF(数据!AH12<=10, 5*权重!X$48+(数据!AH12-4)*权重!X$50, 5*权重!X$48+4*权重!X$50+(数据!AH12-10)*权重!X$52 ) ) -> 0.175 | AI12: =IF( 数据!AI12<=6,(数据!AI12-1)*权重!Y$48, IF(数据!AI12<=12, 5*权重!Y$48+(数据!AI12-6)*权重!Y$49, 5*权重!Y$48+6*权重!Y$49+(数据!AI12-12)*权重!Y$51 ) ) -> 0.53333333 | AJ12: =IF( 数据!AJ12<=6,(数据!AJ12-1)*权重!Z$48, IF(数据!AJ12<=10, 5*权重!Z$48+(数据!AJ12-4)*权重!Z$50, 5*权重!Z$48+4*权重!Z$50+(数据!AJ12-10)*权重!Z$52 ) ) -> 8.075 | AK12: =IF( 数据!AK12<=6,(数据!AK12-1)*权重!AA$48, IF(数据!AK12<=10, 5*权重!AA$48+(数据!AK12-4)*权重!AA$50, 5*权重!AA$48+4*权重!AA$50+(数据!AK12-10)*权重!AA$52 ) ) -> -1.1 | AL12: =IF( 数据!AL12<=6,(数据!AL12-1)*权重!AB$48, IF(数据!AL12<=12, 5*权重!AB$48+(数据!AL12-6)*权重!AB$49, 5*权重!AB$48+6*权重!AB$49+(数据!AL12-12)*权重!AB$51 ) ) -> 13.5 | AM12: =IF( 数据!AM12<=6,(数据!AM12-1)*权重!AC$48, IF(数据!AM12<=12, 5*权重!AC$48+(数据!AM12-6)*权重!AC$49, 5*权重!AC$48+6*权重!AC$49+(数据!AM12-12)*权重!AC$51 ) ) -> 9.2333333 | AN12: =IF( 数据!AN12<=6,(数据!AN12-1)*权重!AD$48, IF(数据!AN12<=12, 5*权重!AD$48+(数据!AN12-6)*权重!AD$49, 5*权重!AD$48+6*权重!AD$49+(数据!AN12-12)*权重!AD$51 ) ) -> 77.333333 | AO12: =IF( 数据!AO12<=6,(数据!AO12-1)*权重!AE$48, IF(数据!AO12<=12, 5*权重!AE$48+(数据!AO12-6)*权重!AE$49, 5*权重!AE$48+6*权重!AE$49+(数据!AO12-12)*权重!AE$51 ) ) -> 11.116667 | AP12: =IF( 数据!AP12<=6,(数据!AP12-1)*权重!AF$48, IF(数据!AP12<=12, 5*权重!AF$48+(数据!AP12-6)*权重!AF$49, 5*权重!AF$48+6*权重!AF$49+(数据!AP12-12)*权重!AF$51 ) ) -> 15.433333 | AQ12: =IF( 数据!AQ12<=6,(数据!AQ12-1)*权重!AG$48, IF(数据!AQ12<=12, 5*权重!AG$48+(数据!AQ12-6)*权重!AG$49, 5*权重!AG$48+6*权重!AG$49+(数据!AQ12-12)*权重!AG$51 ) ) -> 19.35 | AR12: =IF( 数据!AR12<=6,(数据!AR12-1)*权重!AH$48, IF(数据!AR12<=12, 5*权重!AH$48+(数据!AR12-6)*权重!AH$49, 5*权重!AH$48+6*权重!AH$49+(数据!AR12-12)*权重!AH$51 ) ) -> 13.4 | AS12: =IF( 数据!AS12<=6,(数据!AS12-1)*权重!AI$48, IF(数据!AS12<=12, 5*权重!AI$48+(数据!AS12-6)*权重!AI$49, 5*权重!AI$48+6*权重!AI$49+(数据!AS12-12)*权重!AI$51 ) ) -> 3.1333333 | ... AU12: =IF( 数据!AU12<=6,(数据!AU12-1)*权重!AK$48, IF(数据!AU12<=12, 5*权重!AK$48+(数据!AU12-6)*权重!AK$49, 5*权重!AK$48+6*权重!AK$49+(数据!AU12-12)*权重!AK$51 ) ) -> 14.2 | AV12: =IF( 数据!AV12<=6,(数据!AV12-1)*权重!AL$48, IF(数据!AV12<=10, 5*权重!AL$48+(数据!AV12-4)*权重!AL$50, 5*权重!AL$48+4*权重!AL$50+(数据!AV12-10)*权重!AL$52 ) ) -> 2.975 | AW12: =IF( 数据!AW12<=6,(数据!AW12-1)*权重!AM$48, IF(数据!AW12<=10, 5*权重!AM$48+(数据!AW12-4)*权重!AM$50, 5*权重!AM$48+4*权重!AM$50+(数据!AW12-10)*权重!AM$52 ) ) -> 3.45 | AX12: =IF( 数据!AX12<=6,(数据!AX12-1)*权重!AN$48, IF(数据!AX12<=10, 5*权重!AN$48+(数据!AX12-4)*权重!AN$50, 5*权重!AN$48+4*权重!AN$50+(数据!AX12-10)*权重!AN$52 ) ) -> 22.075 | AY12: 2 | AZ12: 2 | BA12: 2 | BB12: 4 | BC12: 2 | BD12: 2 | BE12: 2 | BF12: 2 | BG12: 2 | BH12: 2 | BI12: 2 | BJ12: - | BK12: 完​美 | BL12: 12 | BM12: - | BO12: 19 | BP12: 46934 | BQ12: 无 | BR12: 低​伤病​风险
A13: - | B13: =SUM(L13:AX13) -> 428.78083 | C13: 马泰斯·德·莱特 - 选​择球​员 | D13: 度​假 | E13: 1 | F13: 0 | G13: 很​好 | H13: 后​卫 (中) | I13: 25 | J13: 155 | K13: 173 | L13: =IF( 数据!L13<=6,(数据!L13-1)*权重!B$48, IF(数据!L13<=12, 5*权重!B$48+(数据!L13-6)*权重!B$49, 5*权重!B$48+6*权重!B$49+(数据!L13-12)*权重!B$51 ) ) -> 3.4666667 | M13: =IF( 数据!M13<=6,(数据!M13-1)*权重!C$48, IF(数据!M13<=12, 5*权重!C$48+(数据!M13-6)*权重!C$49, 5*权重!C$48+6*权重!C$49+(数据!M13-12)*权重!C$51 ) ) -> 2.32 | N13: =IF( 数据!N13<=6,(数据!N13-1)*权重!D$48, IF(数据!N13<=12, 5*权重!D$48+(数据!N13-6)*权重!D$49, 5*权重!D$48+6*权重!D$49+(数据!N13-12)*权重!D$51 ) ) -> 1.37 | O13: =IF( 数据!O13<=6,(数据!O13-1)*权重!E$48, IF(数据!O13<=12, 5*权重!E$48+(数据!O13-6)*权重!E$49, 5*权重!E$48+6*权重!E$49+(数据!O13-12)*权重!E$51 ) ) -> 0 | P13: =IF( 数据!P13<=6,(数据!P13-1)*权重!F$48, IF(数据!P13<=12, 5*权重!F$48+(数据!P13-6)*权重!F$49, 5*权重!F$48+6*权重!F$49+(数据!P13-12)*权重!F$51 ) ) -> -3.5 | Q13: =IF( 数据!Q13<=6,(数据!Q13-1)*权重!G$48, IF(数据!Q13<=12, 5*权重!G$48+(数据!Q13-6)*权重!G$49, 5*权重!G$48+6*权重!G$49+(数据!Q13-12)*权重!G$51 ) ) -> 0 | R13: =IF( 数据!R13<=6,(数据!R13-1)*权重!H$48, IF(数据!R13<=12, 5*权重!H$48+(数据!R13-6)*权重!H$49, 5*权重!H$48+6*权重!H$49+(数据!R13-12)*权重!H$51 ) ) -> 0 | S13: =IF( 数据!S13<=6,(数据!S13-1)*权重!I$48, IF(数据!S13<=12, 5*权重!I$48+(数据!S13-6)*权重!I$49, 5*权重!I$48+6*权重!I$49+(数据!S13-12)*权重!I$51 ) ) -> 10.6 | ... Y13: =IF( 数据!Y13<=6,(数据!Y13-1)*权重!O$48, IF(数据!Y13<=12, 5*权重!O$48+(数据!Y13-6)*权重!O$49, 5*权重!O$48+6*权重!O$49+(数据!Y13-12)*权重!O$51 ) ) -> 1.5333333 | Z13: =IF( 数据!Z13<=6,(数据!Z13-1)*权重!P$48, IF(数据!Z13<=10, 5*权重!P$48+(数据!Z13-4)*权重!P$50, 5*权重!P$48+4*权重!P$50+(数据!Z13-10)*权重!P$52 ) ) -> -0.88 | AA13: =IF( 数据!AA13<=6,(数据!AA13-1)*权重!Q$48, IF(数据!AA13<=12, 5*权重!Q$48+(数据!AA13-6)*权重!Q$49, 5*权重!Q$48+6*权重!Q$49+(数据!AA13-12)*权重!Q$51 ) ) -> 7.1666667 | AB13: =IF( 数据!AB13<=6,(数据!AB13-1)*权重!R$48, IF(数据!AB13<=10, 5*权重!R$48+(数据!AB13-4)*权重!R$50, 5*权重!R$48+4*权重!R$50+(数据!AB13-10)*权重!R$52 ) ) -> 56.75 | AC13: =IF( 数据!AC13<=6,(数据!AC13-1)*权重!S$48, IF(数据!AC13<=12, 5*权重!S$48+(数据!AC13-6)*权重!S$49, 5*权重!S$48+6*权重!S$49+(数据!AC13-12)*权重!S$51 ) ) -> 20.866667 | AD13: =IF( 数据!AD13<=6,(数据!AD13-1)*权重!T$48, IF(数据!AD13<=12, 5*权重!T$48+(数据!AD13-6)*权重!T$49, 5*权重!T$48+6*权重!T$49+(数据!AD13-12)*权重!T$51 ) ) -> -1.2333333 | AE13: =IF( 数据!AE13<=6,(数据!AE13-1)*权重!U$48, IF(数据!AE13<=10, 5*权重!U$48+(数据!AE13-4)*权重!U$50, 5*权重!U$48+4*权重!U$50+(数据!AE13-10)*权重!U$52 ) ) -> -1.4 | AF13: =IF( 数据!AF13<=6,(数据!AF13-1)*权重!V$48, IF(数据!AF13<=10, 5*权重!V$48+(数据!AF13-4)*权重!V$50, 5*权重!V$48+4*权重!V$50+(数据!AF13-10)*权重!V$52 ) ) -> 7.875 | AG13: =IF( 数据!AG13<=6,(数据!AG13-1)*权重!W$48, IF(数据!AG13<=12, 5*权重!W$48+(数据!AG13-6)*权重!W$49, 5*权重!W$48+6*权重!W$49+(数据!AG13-12)*权重!W$51 ) ) -> 4.4 | AH13: =IF( 数据!AH13<=6,(数据!AH13-1)*权重!X$48, IF(数据!AH13<=10, 5*权重!X$48+(数据!AH13-4)*权重!X$50, 5*权重!X$48+4*权重!X$50+(数据!AH13-10)*权重!X$52 ) ) -> 0.0625 | AI13: =IF( 数据!AI13<=6,(数据!AI13-1)*权重!Y$48, IF(数据!AI13<=12, 5*权重!Y$48+(数据!AI13-6)*权重!Y$49, 5*权重!Y$48+6*权重!Y$49+(数据!AI13-12)*权重!Y$51 ) ) -> 0.16666667 | AJ13: =IF( 数据!AJ13<=6,(数据!AJ13-1)*权重!Z$48, IF(数据!AJ13<=10, 5*权重!Z$48+(数据!AJ13-4)*权重!Z$50, 5*权重!Z$48+4*权重!Z$50+(数据!AJ13-10)*权重!Z$52 ) ) -> 10.425 | AK13: =IF( 数据!AK13<=6,(数据!AK13-1)*权重!AA$48, IF(数据!AK13<=10, 5*权重!AA$48+(数据!AK13-4)*权重!AA$50, 5*权重!AA$48+4*权重!AA$50+(数据!AK13-10)*权重!AA$52 ) ) -> -0.4 | AL13: =IF( 数据!AL13<=6,(数据!AL13-1)*权重!AB$48, IF(数据!AL13<=12, 5*权重!AB$48+(数据!AL13-6)*权重!AB$49, 5*权重!AB$48+6*权重!AB$49+(数据!AL13-12)*权重!AB$51 ) ) -> 14.4 | AM13: =IF( 数据!AM13<=6,(数据!AM13-1)*权重!AC$48, IF(数据!AM13<=12, 5*权重!AC$48+(数据!AM13-6)*权重!AC$49, 5*权重!AC$48+6*权重!AC$49+(数据!AM13-12)*权重!AC$51 ) ) -> 8.3666667 | AN13: =IF( 数据!AN13<=6,(数据!AN13-1)*权重!AD$48, IF(数据!AN13<=12, 5*权重!AD$48+(数据!AN13-6)*权重!AD$49, 5*权重!AD$48+6*权重!AD$49+(数据!AN13-12)*权重!AD$51 ) ) -> 67.875 | AO13: =IF( 数据!AO13<=6,(数据!AO13-1)*权重!AE$48, IF(数据!AO13<=12, 5*权重!AE$48+(数据!AO13-6)*权重!AE$49, 5*权重!AE$48+6*权重!AE$49+(数据!AO13-12)*权重!AE$51 ) ) -> 22.9 | AP13: =IF( 数据!AP13<=6,(数据!AP13-1)*权重!AF$48, IF(数据!AP13<=12, 5*权重!AF$48+(数据!AP13-6)*权重!AF$49, 5*权重!AF$48+6*权重!AF$49+(数据!AP13-12)*权重!AF$51 ) ) -> 16.4 | AQ13: =IF( 数据!AQ13<=6,(数据!AQ13-1)*权重!AG$48, IF(数据!AQ13<=12, 5*权重!AG$48+(数据!AQ13-6)*权重!AG$49, 5*权重!AG$48+6*权重!AG$49+(数据!AQ13-12)*权重!AG$51 ) ) -> 18.316667 | AR13: =IF( 数据!AR13<=6,(数据!AR13-1)*权重!AH$48, IF(数据!AR13<=12, 5*权重!AH$48+(数据!AR13-6)*权重!AH$49, 5*权重!AH$48+6*权重!AH$49+(数据!AR13-12)*权重!AH$51 ) ) -> 18.066667 | AS13: =IF( 数据!AS13<=6,(数据!AS13-1)*权重!AI$48, IF(数据!AS13<=12, 5*权重!AI$48+(数据!AS13-6)*权重!AI$49, 5*权重!AI$48+6*权重!AI$49+(数据!AS13-12)*权重!AI$51 ) ) -> 11.4 | ... AU13: =IF( 数据!AU13<=6,(数据!AU13-1)*权重!AK$48, IF(数据!AU13<=12, 5*权重!AK$48+(数据!AU13-6)*权重!AK$49, 5*权重!AK$48+6*权重!AK$49+(数据!AU13-12)*权重!AK$51 ) ) -> 12.366667 | AV13: =IF( 数据!AV13<=6,(数据!AV13-1)*权重!AL$48, IF(数据!AV13<=10, 5*权重!AL$48+(数据!AV13-4)*权重!AL$50, 5*权重!AL$48+4*权重!AL$50+(数据!AV13-10)*权重!AL$52 ) ) -> 3.4 | AW13: =IF( 数据!AW13<=6,(数据!AW13-1)*权重!AM$48, IF(数据!AW13<=10, 5*权重!AM$48+(数据!AW13-4)*权重!AM$50, 5*权重!AM$48+4*权重!AM$50+(数据!AW13-10)*权重!AM$52 ) ) -> 4.2 | AX13: =IF( 数据!AX13<=6,(数据!AX13-1)*权重!AN$48, IF(数据!AX13<=10, 5*权重!AN$48+(数据!AX13-4)*权重!AN$50, 5*权重!AN$48+4*权重!AN$50+(数据!AX13-10)*权重!AN$52 ) ) -> 23.75 | AY13: 3 | AZ13: 2 | BA13: 3 | BB13: 3 | BC13: 3 | BD13: 1 | BE13: 2 | BF13: 1 | BG13: 1 | BH13: 3 | BI13: 2 | BJ13: - | BK13: 完​美 | BL13: 19 | BM13: - | BO13: 20 | BP13: 47299 | BQ13: 无 | BR13: 低​伤病​风险
A14: - | B14: =SUM(L14:AX14) -> 412.76167 | C14: 蒂雷尔·马拉西亚 - 选​择球​员 | D14: 度​假 | E14: 1 | F14: 0 | G14: 差 | H14: 后​卫 (左) | I14: 25 | J14: 134 | K14: 150 | L14: =IF( 数据!L14<=6,(数据!L14-1)*权重!B$48, IF(数据!L14<=12, 5*权重!B$48+(数据!L14-6)*权重!B$49, 5*权重!B$48+6*权重!B$49+(数据!L14-12)*权重!B$51 ) ) -> 3 | M14: =IF( 数据!M14<=6,(数据!M14-1)*权重!C$48, IF(数据!M14<=12, 5*权重!C$48+(数据!M14-6)*权重!C$49, 5*权重!C$48+6*权重!C$49+(数据!M14-12)*权重!C$51 ) ) -> 0.91666667 | N14: =IF( 数据!N14<=6,(数据!N14-1)*权重!D$48, IF(数据!N14<=12, 5*权重!D$48+(数据!N14-6)*权重!D$49, 5*权重!D$48+6*权重!D$49+(数据!N14-12)*权重!D$51 ) ) -> 0.27 | O14: =IF( 数据!O14<=6,(数据!O14-1)*权重!E$48, IF(数据!O14<=12, 5*权重!E$48+(数据!O14-6)*权重!E$49, 5*权重!E$48+6*权重!E$49+(数据!O14-12)*权重!E$51 ) ) -> 0 | P14: =IF( 数据!P14<=6,(数据!P14-1)*权重!F$48, IF(数据!P14<=12, 5*权重!F$48+(数据!P14-6)*权重!F$49, 5*权重!F$48+6*权重!F$49+(数据!P14-12)*权重!F$51 ) ) -> -3.1166667 | Q14: =IF( 数据!Q14<=6,(数据!Q14-1)*权重!G$48, IF(数据!Q14<=12, 5*权重!G$48+(数据!Q14-6)*权重!G$49, 5*权重!G$48+6*权重!G$49+(数据!Q14-12)*权重!G$51 ) ) -> 0 | R14: =IF( 数据!R14<=6,(数据!R14-1)*权重!H$48, IF(数据!R14<=12, 5*权重!H$48+(数据!R14-6)*权重!H$49, 5*权重!H$48+6*权重!H$49+(数据!R14-12)*权重!H$51 ) ) -> 0 | S14: =IF( 数据!S14<=6,(数据!S14-1)*权重!I$48, IF(数据!S14<=12, 5*权重!I$48+(数据!S14-6)*权重!I$49, 5*权重!I$48+6*权重!I$49+(数据!S14-12)*权重!I$51 ) ) -> 15.2 | ... Y14: =IF( 数据!Y14<=6,(数据!Y14-1)*权重!O$48, IF(数据!Y14<=12, 5*权重!O$48+(数据!Y14-6)*权重!O$49, 5*权重!O$48+6*权重!O$49+(数据!Y14-12)*权重!O$51 ) ) -> 1.3666667 | Z14: =IF( 数据!Z14<=6,(数据!Z14-1)*权重!P$48, IF(数据!Z14<=10, 5*权重!P$48+(数据!Z14-4)*权重!P$50, 5*权重!P$48+4*权重!P$50+(数据!Z14-10)*权重!P$52 ) ) -> -1.85 | AA14: =IF( 数据!AA14<=6,(数据!AA14-1)*权重!Q$48, IF(数据!AA14<=12, 5*权重!Q$48+(数据!AA14-6)*权重!Q$49, 5*权重!Q$48+6*权重!Q$49+(数据!AA14-12)*权重!Q$51 ) ) -> 4.5 | AB14: =IF( 数据!AB14<=6,(数据!AB14-1)*权重!R$48, IF(数据!AB14<=10, 5*权重!R$48+(数据!AB14-4)*权重!R$50, 5*权重!R$48+4*权重!R$50+(数据!AB14-10)*权重!R$52 ) ) -> 57.5 | AC14: =IF( 数据!AC14<=6,(数据!AC14-1)*权重!S$48, IF(数据!AC14<=12, 5*权重!S$48+(数据!AC14-6)*权重!S$49, 5*权重!S$48+6*权重!S$49+(数据!AC14-12)*权重!S$51 ) ) -> 18.75 | AD14: =IF( 数据!AD14<=6,(数据!AD14-1)*权重!T$48, IF(数据!AD14<=12, 5*权重!T$48+(数据!AD14-6)*权重!T$49, 5*权重!T$48+6*权重!T$49+(数据!AD14-12)*权重!T$51 ) ) -> -0.86666667 | AE14: =IF( 数据!AE14<=6,(数据!AE14-1)*权重!U$48, IF(数据!AE14<=10, 5*权重!U$48+(数据!AE14-4)*权重!U$50, 5*权重!U$48+4*权重!U$50+(数据!AE14-10)*权重!U$52 ) ) -> -2.725 | AF14: =IF( 数据!AF14<=6,(数据!AF14-1)*权重!V$48, IF(数据!AF14<=10, 5*权重!V$48+(数据!AF14-4)*权重!V$50, 5*权重!V$48+4*权重!V$50+(数据!AF14-10)*权重!V$52 ) ) -> 7.6125 | AG14: =IF( 数据!AG14<=6,(数据!AG14-1)*权重!W$48, IF(数据!AG14<=12, 5*权重!W$48+(数据!AG14-6)*权重!W$49, 5*权重!W$48+6*权重!W$49+(数据!AG14-12)*权重!W$51 ) ) -> 5.05 | AH14: =IF( 数据!AH14<=6,(数据!AH14-1)*权重!X$48, IF(数据!AH14<=10, 5*权重!X$48+(数据!AH14-4)*权重!X$50, 5*权重!X$48+4*权重!X$50+(数据!AH14-10)*权重!X$52 ) ) -> 0.0625 | AI14: =IF( 数据!AI14<=6,(数据!AI14-1)*权重!Y$48, IF(数据!AI14<=12, 5*权重!Y$48+(数据!AI14-6)*权重!Y$49, 5*权重!Y$48+6*权重!Y$49+(数据!AI14-12)*权重!Y$51 ) ) -> 0.26666667 | AJ14: =IF( 数据!AJ14<=6,(数据!AJ14-1)*权重!Z$48, IF(数据!AJ14<=10, 5*权重!Z$48+(数据!AJ14-4)*权重!Z$50, 5*权重!Z$48+4*权重!Z$50+(数据!AJ14-10)*权重!Z$52 ) ) -> 10.425 | AK14: =IF( 数据!AK14<=6,(数据!AK14-1)*权重!AA$48, IF(数据!AK14<=10, 5*权重!AA$48+(数据!AK14-4)*权重!AA$50, 5*权重!AA$48+4*权重!AA$50+(数据!AK14-10)*权重!AA$52 ) ) -> -0.925 | AL14: =IF( 数据!AL14<=6,(数据!AL14-1)*权重!AB$48, IF(数据!AL14<=12, 5*权重!AB$48+(数据!AL14-6)*权重!AB$49, 5*权重!AB$48+6*权重!AB$49+(数据!AL14-12)*权重!AB$51 ) ) -> 12.6 | AM14: =IF( 数据!AM14<=6,(数据!AM14-1)*权重!AC$48, IF(数据!AM14<=12, 5*权重!AC$48+(数据!AM14-6)*权重!AC$49, 5*权重!AC$48+6*权重!AC$49+(数据!AM14-12)*权重!AC$51 ) ) -> 8.8666667 | AN14: =IF( 数据!AN14<=6,(数据!AN14-1)*权重!AD$48, IF(数据!AN14<=12, 5*权重!AD$48+(数据!AN14-6)*权重!AD$49, 5*权重!AD$48+6*权重!AD$49+(数据!AN14-12)*权重!AD$51 ) ) -> 82.0625 | AO14: =IF( 数据!AO14<=6,(数据!AO14-1)*权重!AE$48, IF(数据!AO14<=12, 5*权重!AE$48+(数据!AO14-6)*权重!AE$49, 5*权重!AE$48+6*权重!AE$49+(数据!AO14-12)*权重!AE$51 ) ) -> 6.9666667 | AP14: =IF( 数据!AP14<=6,(数据!AP14-1)*权重!AF$48, IF(数据!AP14<=12, 5*权重!AF$48+(数据!AP14-6)*权重!AF$49, 5*权重!AF$48+6*权重!AF$49+(数据!AP14-12)*权重!AF$51 ) ) -> 17.366667 | AQ14: =IF( 数据!AQ14<=6,(数据!AQ14-1)*权重!AG$48, IF(数据!AQ14<=12, 5*权重!AG$48+(数据!AQ14-6)*权重!AG$49, 5*权重!AG$48+6*权重!AG$49+(数据!AQ14-12)*权重!AG$51 ) ) -> 19.35 | AR14: =IF( 数据!AR14<=6,(数据!AR14-1)*权重!AH$48, IF(数据!AR14<=12, 5*权重!AH$48+(数据!AR14-6)*权重!AH$49, 5*权重!AH$48+6*权重!AH$49+(数据!AR14-12)*权重!AH$51 ) ) -> 14.566667 | AS14: =IF( 数据!AS14<=6,(数据!AS14-1)*权重!AI$48, IF(数据!AS14<=12, 5*权重!AI$48+(数据!AS14-6)*权重!AI$49, 5*权重!AI$48+6*权重!AI$49+(数据!AS14-12)*权重!AI$51 ) ) -> -0.71666667 | ... AU14: =IF( 数据!AU14<=6,(数据!AU14-1)*权重!AK$48, IF(数据!AU14<=12, 5*权重!AK$48+(数据!AU14-6)*权重!AK$49, 5*权重!AK$48+6*权重!AK$49+(数据!AU14-12)*权重!AK$51 ) ) -> 15.1 | AV14: =IF( 数据!AV14<=6,(数据!AV14-1)*权重!AL$48, IF(数据!AV14<=10, 5*权重!AL$48+(数据!AV14-4)*权重!AL$50, 5*权重!AL$48+4*权重!AL$50+(数据!AV14-10)*权重!AL$52 ) ) -> 2.975 | AW14: =IF( 数据!AW14<=6,(数据!AW14-1)*权重!AM$48, IF(数据!AW14<=10, 5*权重!AM$48+(数据!AW14-4)*权重!AM$50, 5*权重!AM$48+4*权重!AM$50+(数据!AW14-10)*权重!AM$52 ) ) -> 3.825 | AX14: =IF( 数据!AX14<=6,(数据!AX14-1)*权重!AN$48, IF(数据!AX14<=10, 5*权重!AN$48+(数据!AX14-4)*权重!AN$50, 5*权重!AN$48+4*权重!AN$50+(数据!AX14-10)*权重!AN$52 ) ) -> 24.5875 | AY14: 3 | AZ14: 2 | BA14: 3 | BB14: 2 | BC14: 1 | BD14: 1 | BE14: 3 | BF14: 3 | BG14: 2 | BH14: 2 | BI14: 1 | BJ14: - | BK14: 完​美 | BL14: 14 | BM14: - | BO14: 4 | BP14: 46203 | BQ14: 无 | BR14: 低​伤病​风险
A15: - | B15: =SUM(L15:AX15) -> 412.765 | C15: 约书亚·奇科琦 - 选​择球​员 | D15: 度​假 | E15: 1 | F15: 0 | G15: 很​好 | H15: 攻​中场 (中), 前​锋 (中) | I15: 24 | J15: 142 | K15: 160 | L15: =IF( 数据!L15<=6,(数据!L15-1)*权重!B$48, IF(数据!L15<=12, 5*权重!B$48+(数据!L15-6)*权重!B$49, 5*权重!B$48+6*权重!B$49+(数据!L15-12)*权重!B$51 ) ) -> 4.8666667 | M15: =IF( 数据!M15<=6,(数据!M15-1)*权重!C$48, IF(数据!M15<=12, 5*权重!C$48+(数据!M15-6)*权重!C$49, 5*权重!C$48+6*权重!C$49+(数据!M15-12)*权重!C$51 ) ) -> 1.7 | N15: =IF( 数据!N15<=6,(数据!N15-1)*权重!D$48, IF(数据!N15<=12, 5*权重!D$48+(数据!N15-6)*权重!D$49, 5*权重!D$48+6*权重!D$49+(数据!N15-12)*权重!D$51 ) ) -> 0.64 | O15: =IF( 数据!O15<=6,(数据!O15-1)*权重!E$48, IF(数据!O15<=12, 5*权重!E$48+(数据!O15-6)*权重!E$49, 5*权重!E$48+6*权重!E$49+(数据!O15-12)*权重!E$51 ) ) -> 0 | P15: =IF( 数据!P15<=6,(数据!P15-1)*权重!F$48, IF(数据!P15<=12, 5*权重!F$48+(数据!P15-6)*权重!F$49, 5*权重!F$48+6*权重!F$49+(数据!P15-12)*权重!F$51 ) ) -> -1.2 | Q15: =IF( 数据!Q15<=6,(数据!Q15-1)*权重!G$48, IF(数据!Q15<=12, 5*权重!G$48+(数据!Q15-6)*权重!G$49, 5*权重!G$48+6*权重!G$49+(数据!Q15-12)*权重!G$51 ) ) -> 0 | R15: =IF( 数据!R15<=6,(数据!R15-1)*权重!H$48, IF(数据!R15<=12, 5*权重!H$48+(数据!R15-6)*权重!H$49, 5*权重!H$48+6*权重!H$49+(数据!R15-12)*权重!H$51 ) ) -> 0 | S15: =IF( 数据!S15<=6,(数据!S15-1)*权重!I$48, IF(数据!S15<=12, 5*权重!I$48+(数据!S15-6)*权重!I$49, 5*权重!I$48+6*权重!I$49+(数据!S15-12)*权重!I$51 ) ) -> 22.033333 | ... Y15: =IF( 数据!Y15<=6,(数据!Y15-1)*权重!O$48, IF(数据!Y15<=12, 5*权重!O$48+(数据!Y15-6)*权重!O$49, 5*权重!O$48+6*权重!O$49+(数据!Y15-12)*权重!O$51 ) ) -> 1.7 | Z15: =IF( 数据!Z15<=6,(数据!Z15-1)*权重!P$48, IF(数据!Z15<=10, 5*权重!P$48+(数据!Z15-4)*权重!P$50, 5*权重!P$48+4*权重!P$50+(数据!Z15-10)*权重!P$52 ) ) -> -0.025 | AA15: =IF( 数据!AA15<=6,(数据!AA15-1)*权重!Q$48, IF(数据!AA15<=12, 5*权重!Q$48+(数据!AA15-6)*权重!Q$49, 5*权重!Q$48+6*权重!Q$49+(数据!AA15-12)*权重!Q$51 ) ) -> 7.1 | AB15: =IF( 数据!AB15<=6,(数据!AB15-1)*权重!R$48, IF(数据!AB15<=10, 5*权重!R$48+(数据!AB15-4)*权重!R$50, 5*权重!R$48+4*权重!R$50+(数据!AB15-10)*权重!R$52 ) ) -> 54.5 | AC15: =IF( 数据!AC15<=6,(数据!AC15-1)*权重!S$48, IF(数据!AC15<=12, 5*权重!S$48+(数据!AC15-6)*权重!S$49, 5*权重!S$48+6*权重!S$49+(数据!AC15-12)*权重!S$51 ) ) -> 20.183333 | AD15: =IF( 数据!AD15<=6,(数据!AD15-1)*权重!T$48, IF(数据!AD15<=12, 5*权重!T$48+(数据!AD15-6)*权重!T$49, 5*权重!T$48+6*权重!T$49+(数据!AD15-12)*权重!T$51 ) ) -> -0.86666667 | AE15: =IF( 数据!AE15<=6,(数据!AE15-1)*权重!U$48, IF(数据!AE15<=10, 5*权重!U$48+(数据!AE15-4)*权重!U$50, 5*权重!U$48+4*权重!U$50+(数据!AE15-10)*权重!U$52 ) ) -> -2.725 | AF15: =IF( 数据!AF15<=6,(数据!AF15-1)*权重!V$48, IF(数据!AF15<=10, 5*权重!V$48+(数据!AF15-4)*权重!V$50, 5*权重!V$48+4*权重!V$50+(数据!AF15-10)*权重!V$52 ) ) -> 6.3 | AG15: =IF( 数据!AG15<=6,(数据!AG15-1)*权重!W$48, IF(数据!AG15<=12, 5*权重!W$48+(数据!AG15-6)*权重!W$49, 5*权重!W$48+6*权重!W$49+(数据!AG15-12)*权重!W$51 ) ) -> 3.9 | AH15: =IF( 数据!AH15<=6,(数据!AH15-1)*权重!X$48, IF(数据!AH15<=10, 5*权重!X$48+(数据!AH15-4)*权重!X$50, 5*权重!X$48+4*权重!X$50+(数据!AH15-10)*权重!X$52 ) ) -> 0.4 | AI15: =IF( 数据!AI15<=6,(数据!AI15-1)*权重!Y$48, IF(数据!AI15<=12, 5*权重!Y$48+(数据!AI15-6)*权重!Y$49, 5*权重!Y$48+6*权重!Y$49+(数据!AI15-12)*权重!Y$51 ) ) -> 0.53333333 | AJ15: =IF( 数据!AJ15<=6,(数据!AJ15-1)*权重!Z$48, IF(数据!AJ15<=10, 5*权重!Z$48+(数据!AJ15-4)*权重!Z$50, 5*权重!Z$48+4*权重!Z$50+(数据!AJ15-10)*权重!Z$52 ) ) -> 8.6625 | AK15: =IF( 数据!AK15<=6,(数据!AK15-1)*权重!AA$48, IF(数据!AK15<=10, 5*权重!AA$48+(数据!AK15-4)*权重!AA$50, 5*权重!AA$48+4*权重!AA$50+(数据!AK15-10)*权重!AA$52 ) ) -> -2.2 | AL15: =IF( 数据!AL15<=6,(数据!AL15-1)*权重!AB$48, IF(数据!AL15<=12, 5*权重!AB$48+(数据!AL15-6)*权重!AB$49, 5*权重!AB$48+6*权重!AB$49+(数据!AL15-12)*权重!AB$51 ) ) -> 15.3 | AM15: =IF( 数据!AM15<=6,(数据!AM15-1)*权重!AC$48, IF(数据!AM15<=12, 5*权重!AC$48+(数据!AM15-6)*权重!AC$49, 5*权重!AC$48+6*权重!AC$49+(数据!AM15-12)*权重!AC$51 ) ) -> 8.8666667 | AN15: =IF( 数据!AN15<=6,(数据!AN15-1)*权重!AD$48, IF(数据!AN15<=12, 5*权重!AD$48+(数据!AN15-6)*权重!AD$49, 5*权重!AD$48+6*权重!AD$49+(数据!AN15-12)*权重!AD$51 ) ) -> 67.875 | AO15: =IF( 数据!AO15<=6,(数据!AO15-1)*权重!AE$48, IF(数据!AO15<=12, 5*权重!AE$48+(数据!AO15-6)*权重!AE$49, 5*权重!AE$48+6*权重!AE$49+(数据!AO15-12)*权重!AE$51 ) ) -> 15.1 | AP15: =IF( 数据!AP15<=6,(数据!AP15-1)*权重!AF$48, IF(数据!AP15<=12, 5*权重!AF$48+(数据!AP15-6)*权重!AF$49, 5*权重!AF$48+6*权重!AF$49+(数据!AP15-12)*权重!AF$51 ) ) -> 14.466667 | AQ15: =IF( 数据!AQ15<=6,(数据!AQ15-1)*权重!AG$48, IF(数据!AQ15<=12, 5*权重!AG$48+(数据!AQ15-6)*权重!AG$49, 5*权重!AG$48+6*权重!AG$49+(数据!AQ15-12)*权重!AG$51 ) ) -> 18.833333 | AR15: =IF( 数据!AR15<=6,(数据!AR15-1)*权重!AH$48, IF(数据!AR15<=12, 5*权重!AH$48+(数据!AR15-6)*权重!AH$49, 5*权重!AH$48+6*权重!AH$49+(数据!AR15-12)*权重!AH$51 ) ) -> 14.566667 | AS15: =IF( 数据!AS15<=6,(数据!AS15-1)*权重!AI$48, IF(数据!AS15<=12, 5*权重!AI$48+(数据!AS15-6)*权重!AI$49, 5*权重!AI$48+6*权重!AI$49+(数据!AS15-12)*权重!AI$51 ) ) -> 7.6 | ... AU15: =IF( 数据!AU15<=6,(数据!AU15-1)*权重!AK$48, IF(数据!AU15<=12, 5*权重!AK$48+(数据!AU15-6)*权重!AK$49, 5*权重!AK$48+6*权重!AK$49+(数据!AU15-12)*权重!AK$51 ) ) -> 14.8 | AV15: =IF( 数据!AV15<=6,(数据!AV15-1)*权重!AL$48, IF(数据!AV15<=10, 5*权重!AL$48+(数据!AV15-4)*权重!AL$50, 5*权重!AL$48+4*权重!AL$50+(数据!AV15-10)*权重!AL$52 ) ) -> 2.55 | AW15: =IF( 数据!AW15<=6,(数据!AW15-1)*权重!AM$48, IF(数据!AW15<=10, 5*权重!AM$48+(数据!AW15-4)*权重!AM$50, 5*权重!AM$48+4*权重!AM$50+(数据!AW15-10)*权重!AM$52 ) ) -> 4.2 | AX15: =IF( 数据!AX15<=6,(数据!AX15-1)*权重!AN$48, IF(数据!AX15<=10, 5*权重!AN$48+(数据!AX15-4)*权重!AN$50, 5*权重!AN$48+4*权重!AN$50+(数据!AX15-10)*权重!AN$52 ) ) -> 21.2375 | AY15: 1 | AZ15: 1 | BA15: 1 | BB15: 3 | BC15: 3 | BD15: 3 | BE15: 2 | BF15: 3 | BG15: 1 | BH15: 1 | BI15: 2 | BJ15: - | BK15: 完​美 | BL15: 13 | BM15: - | BO15: 28 | BP15: 47299 | BQ15: 无 | BR15: 低​伤病​风险
A16: - | B16: =SUM(L16:AX16) -> 432.07833 | C16: 布鲁诺·费尔南德斯 - 选​择球​员 | D16: 度​假 | E16: 1 | F16: 0 | G16: 好 | H16: 后​腰, 中​场/攻​中场 (中) | I16: 30 | J16: 175 | K16: 176 | L16: =IF( 数据!L16<=6,(数据!L16-1)*权重!B$48, IF(数据!L16<=12, 5*权重!B$48+(数据!L16-6)*权重!B$49, 5*权重!B$48+6*权重!B$49+(数据!L16-12)*权重!B$51 ) ) -> 5.8 | M16: =IF( 数据!M16<=6,(数据!M16-1)*权重!C$48, IF(数据!M16<=12, 5*权重!C$48+(数据!M16-6)*权重!C$49, 5*权重!C$48+6*权重!C$49+(数据!M16-12)*权重!C$51 ) ) -> 2.1666667 | N16: =IF( 数据!N16<=6,(数据!N16-1)*权重!D$48, IF(数据!N16<=12, 5*权重!D$48+(数据!N16-6)*权重!D$49, 5*权重!D$48+6*权重!D$49+(数据!N16-12)*权重!D$51 ) ) -> 0.32 | O16: =IF( 数据!O16<=6,(数据!O16-1)*权重!E$48, IF(数据!O16<=12, 5*权重!E$48+(数据!O16-6)*权重!E$49, 5*权重!E$48+6*权重!E$49+(数据!O16-12)*权重!E$51 ) ) -> 0 | P16: =IF( 数据!P16<=6,(数据!P16-1)*权重!F$48, IF(数据!P16<=12, 5*权重!F$48+(数据!P16-6)*权重!F$49, 5*权重!F$48+6*权重!F$49+(数据!P16-12)*权重!F$51 ) ) -> -1.2 | Q16: =IF( 数据!Q16<=6,(数据!Q16-1)*权重!G$48, IF(数据!Q16<=12, 5*权重!G$48+(数据!Q16-6)*权重!G$49, 5*权重!G$48+6*权重!G$49+(数据!Q16-12)*权重!G$51 ) ) -> 0 | R16: =IF( 数据!R16<=6,(数据!R16-1)*权重!H$48, IF(数据!R16<=12, 5*权重!H$48+(数据!R16-6)*权重!H$49, 5*权重!H$48+6*权重!H$49+(数据!R16-12)*权重!H$51 ) ) -> 0 | S16: =IF( 数据!S16<=6,(数据!S16-1)*权重!I$48, IF(数据!S16<=12, 5*权重!I$48+(数据!S16-6)*权重!I$49, 5*权重!I$48+6*权重!I$49+(数据!S16-12)*权重!I$51 ) ) -> 13.666667 | ... Y16: =IF( 数据!Y16<=6,(数据!Y16-1)*权重!O$48, IF(数据!Y16<=12, 5*权重!O$48+(数据!Y16-6)*权重!O$49, 5*权重!O$48+6*权重!O$49+(数据!Y16-12)*权重!O$51 ) ) -> 4.2 | Z16: =IF( 数据!Z16<=6,(数据!Z16-1)*权重!P$48, IF(数据!Z16<=10, 5*权重!P$48+(数据!Z16-4)*权重!P$50, 5*权重!P$48+4*权重!P$50+(数据!Z16-10)*权重!P$52 ) ) -> -0.375 | AA16: =IF( 数据!AA16<=6,(数据!AA16-1)*权重!Q$48, IF(数据!AA16<=12, 5*权重!Q$48+(数据!AA16-6)*权重!Q$49, 5*权重!Q$48+6*权重!Q$49+(数据!AA16-12)*权重!Q$51 ) ) -> 6.6666667 | AB16: =IF( 数据!AB16<=6,(数据!AB16-1)*权重!R$48, IF(数据!AB16<=10, 5*权重!R$48+(数据!AB16-4)*权重!R$50, 5*权重!R$48+4*权重!R$50+(数据!AB16-10)*权重!R$52 ) ) -> 59 | AC16: =IF( 数据!AC16<=6,(数据!AC16-1)*权重!S$48, IF(数据!AC16<=12, 5*权重!S$48+(数据!AC16-6)*权重!S$49, 5*权重!S$48+6*权重!S$49+(数据!AC16-12)*权重!S$51 ) ) -> 20.183333 | AD16: =IF( 数据!AD16<=6,(数据!AD16-1)*权重!T$48, IF(数据!AD16<=12, 5*权重!T$48+(数据!AD16-6)*权重!T$49, 5*权重!T$48+6*权重!T$49+(数据!AD16-12)*权重!T$51 ) ) -> -1.2333333 | AE16: =IF( 数据!AE16<=6,(数据!AE16-1)*权重!U$48, IF(数据!AE16<=10, 5*权重!U$48+(数据!AE16-4)*权重!U$50, 5*权重!U$48+4*权重!U$50+(数据!AE16-10)*权重!U$52 ) ) -> -0.2 | AF16: =IF( 数据!AF16<=6,(数据!AF16-1)*权重!V$48, IF(数据!AF16<=10, 5*权重!V$48+(数据!AF16-4)*权重!V$50, 5*权重!V$48+4*权重!V$50+(数据!AF16-10)*权重!V$52 ) ) -> 8.4 | AG16: =IF( 数据!AG16<=6,(数据!AG16-1)*权重!W$48, IF(数据!AG16<=12, 5*权重!W$48+(数据!AG16-6)*权重!W$49, 5*权重!W$48+6*权重!W$49+(数据!AG16-12)*权重!W$51 ) ) -> 4.3 | AH16: =IF( 数据!AH16<=6,(数据!AH16-1)*权重!X$48, IF(数据!AH16<=10, 5*权重!X$48+(数据!AH16-4)*权重!X$50, 5*权重!X$48+4*权重!X$50+(数据!AH16-10)*权重!X$52 ) ) -> 0.0625 | AI16: =IF( 数据!AI16<=6,(数据!AI16-1)*权重!Y$48, IF(数据!AI16<=12, 5*权重!Y$48+(数据!AI16-6)*权重!Y$49, 5*权重!Y$48+6*权重!Y$49+(数据!AI16-12)*权重!Y$51 ) ) -> 1.0666667 | AJ16: =IF( 数据!AJ16<=6,(数据!AJ16-1)*权重!Z$48, IF(数据!AJ16<=10, 5*权重!Z$48+(数据!AJ16-4)*权重!Z$50, 5*权重!Z$48+4*权重!Z$50+(数据!AJ16-10)*权重!Z$52 ) ) -> 11.6 | AK16: =IF( 数据!AK16<=6,(数据!AK16-1)*权重!AA$48, IF(数据!AK16<=10, 5*权重!AA$48+(数据!AK16-4)*权重!AA$50, 5*权重!AA$48+4*权重!AA$50+(数据!AK16-10)*权重!AA$52 ) ) -> -0.925 | AL16: =IF( 数据!AL16<=6,(数据!AL16-1)*权重!AB$48, IF(数据!AL16<=12, 5*权重!AB$48+(数据!AL16-6)*权重!AB$49, 5*权重!AB$48+6*权重!AB$49+(数据!AL16-12)*权重!AB$51 ) ) -> 17.1 | AM16: =IF( 数据!AM16<=6,(数据!AM16-1)*权重!AC$48, IF(数据!AM16<=12, 5*权重!AC$48+(数据!AM16-6)*权重!AC$49, 5*权重!AC$48+6*权重!AC$49+(数据!AM16-12)*权重!AC$51 ) ) -> 9.2333333 | AN16: =IF( 数据!AN16<=6,(数据!AN16-1)*权重!AD$48, IF(数据!AN16<=12, 5*权重!AD$48+(数据!AN16-6)*权重!AD$49, 5*权重!AD$48+6*权重!AD$49+(数据!AN16-12)*权重!AD$51 ) ) -> 72.604167 | AO16: =IF( 数据!AO16<=6,(数据!AO16-1)*权重!AE$48, IF(数据!AO16<=12, 5*权重!AE$48+(数据!AO16-6)*权重!AE$49, 5*权重!AE$48+6*权重!AE$49+(数据!AO16-12)*权重!AE$51 ) ) -> 8.35 | AP16: =IF( 数据!AP16<=6,(数据!AP16-1)*权重!AF$48, IF(数据!AP16<=12, 5*权重!AF$48+(数据!AP16-6)*权重!AF$49, 5*权重!AF$48+6*权重!AF$49+(数据!AP16-12)*权重!AF$51 ) ) -> 16.4 | AQ16: =IF( 数据!AQ16<=6,(数据!AQ16-1)*权重!AG$48, IF(数据!AQ16<=12, 5*权重!AG$48+(数据!AQ16-6)*权重!AG$49, 5*权重!AG$48+6*权重!AG$49+(数据!AQ16-12)*权重!AG$51 ) ) -> 21.933333 | AR16: =IF( 数据!AR16<=6,(数据!AR16-1)*权重!AH$48, IF(数据!AR16<=12, 5*权重!AH$48+(数据!AR16-6)*权重!AH$49, 5*权重!AH$48+6*权重!AH$49+(数据!AR16-12)*权重!AH$51 ) ) -> 14.566667 | AS16: =IF( 数据!AS16<=6,(数据!AS16-1)*权重!AI$48, IF(数据!AS16<=12, 5*权重!AI$48+(数据!AS16-6)*权重!AI$49, 5*权重!AI$48+6*权重!AI$49+(数据!AS16-12)*权重!AI$51 ) ) -> 3.1333333 | ... AU16: =IF( 数据!AU16<=6,(数据!AU16-1)*权重!AK$48, IF(数据!AU16<=12, 5*权重!AK$48+(数据!AU16-6)*权重!AK$49, 5*权重!AK$48+6*权重!AK$49+(数据!AU16-12)*权重!AK$51 ) ) -> 16.3 | AV16: =IF( 数据!AV16<=6,(数据!AV16-1)*权重!AL$48, IF(数据!AV16<=10, 5*权重!AL$48+(数据!AV16-4)*权重!AL$50, 5*权重!AL$48+4*权重!AL$50+(数据!AV16-10)*权重!AL$52 ) ) -> 3.4 | AW16: =IF( 数据!AW16<=6,(数据!AW16-1)*权重!AM$48, IF(数据!AW16<=10, 5*权重!AM$48+(数据!AW16-4)*权重!AM$50, 5*权重!AM$48+4*权重!AM$50+(数据!AW16-10)*权重!AM$52 ) ) -> 3.45 | AX16: =IF( 数据!AX16<=6,(数据!AX16-1)*权重!AN$48, IF(数据!AX16<=10, 5*权重!AN$48+(数据!AX16-4)*权重!AN$50, 5*权重!AN$48+4*权重!AN$50+(数据!AX16-10)*权重!AN$52 ) ) -> 23.75 | AY16: 3 | AZ16: 2 | BA16: 1 | BB16: 3 | BC16: 1 | BD16: 1 | BE16: 3 | BF16: 2 | BG16: 2 | BH16: 2 | BI16: 1 | BJ16: - | BK16: 完​美 | BL16: 18 | BM16: - | BO16: 103 | BP16: 46568 | BQ16: 无 | BR16: 低​伤病​风险
A17: - | B17: =SUM(L17:AX17) -> 431.55667 | C17: 阿马德·达里奥·特拉奥雷 - 选​择球​员 | D17: 度​假 | E17: 1 | F17: 0 | G17: 稍​差 | H17: 边翼​卫/中​场 (右), 攻​中场 (右中) | I17: 22 | J17: 150 | K17: 166 | L17: =IF( 数据!L17<=6,(数据!L17-1)*权重!B$48, IF(数据!L17<=12, 5*权重!B$48+(数据!L17-6)*权重!B$49, 5*权重!B$48+6*权重!B$49+(数据!L17-12)*权重!B$51 ) ) -> 4.4 | M17: =IF( 数据!M17<=6,(数据!M17-1)*权重!C$48, IF(数据!M17<=12, 5*权重!C$48+(数据!M17-6)*权重!C$49, 5*权重!C$48+6*权重!C$49+(数据!M17-12)*权重!C$51 ) ) -> 0.9 | N17: =IF( 数据!N17<=6,(数据!N17-1)*权重!D$48, IF(数据!N17<=12, 5*权重!D$48+(数据!N17-6)*权重!D$49, 5*权重!D$48+6*权重!D$49+(数据!N17-12)*权重!D$51 ) ) -> 0.8 | O17: =IF( 数据!O17<=6,(数据!O17-1)*权重!E$48, IF(数据!O17<=12, 5*权重!E$48+(数据!O17-6)*权重!E$49, 5*权重!E$48+6*权重!E$49+(数据!O17-12)*权重!E$51 ) ) -> 0 | P17: =IF( 数据!P17<=6,(数据!P17-1)*权重!F$48, IF(数据!P17<=12, 5*权重!F$48+(数据!P17-6)*权重!F$49, 5*权重!F$48+6*权重!F$49+(数据!P17-12)*权重!F$51 ) ) -> -1.9666667 | Q17: =IF( 数据!Q17<=6,(数据!Q17-1)*权重!G$48, IF(数据!Q17<=12, 5*权重!G$48+(数据!Q17-6)*权重!G$49, 5*权重!G$48+6*权重!G$49+(数据!Q17-12)*权重!G$51 ) ) -> 0 | R17: =IF( 数据!R17<=6,(数据!R17-1)*权重!H$48, IF(数据!R17<=12, 5*权重!H$48+(数据!R17-6)*权重!H$49, 5*权重!H$48+6*权重!H$49+(数据!R17-12)*权重!H$51 ) ) -> 0 | S17: =IF( 数据!S17<=6,(数据!S17-1)*权重!I$48, IF(数据!S17<=12, 5*权重!I$48+(数据!S17-6)*权重!I$49, 5*权重!I$48+6*权重!I$49+(数据!S17-12)*权重!I$51 ) ) -> 19.3 | ... Y17: =IF( 数据!Y17<=6,(数据!Y17-1)*权重!O$48, IF(数据!Y17<=12, 5*权重!O$48+(数据!Y17-6)*权重!O$49, 5*权重!O$48+6*权重!O$49+(数据!Y17-12)*权重!O$51 ) ) -> 3.3666667 | Z17: =IF( 数据!Z17<=6,(数据!Z17-1)*权重!P$48, IF(数据!Z17<=10, 5*权重!P$48+(数据!Z17-4)*权重!P$50, 5*权重!P$48+4*权重!P$50+(数据!Z17-10)*权重!P$52 ) ) -> -0.55 | AA17: =IF( 数据!AA17<=6,(数据!AA17-1)*权重!Q$48, IF(数据!AA17<=12, 5*权重!Q$48+(数据!AA17-6)*权重!Q$49, 5*权重!Q$48+6*权重!Q$49+(数据!AA17-12)*权重!Q$51 ) ) -> 5.8 | AB17: =IF( 数据!AB17<=6,(数据!AB17-1)*权重!R$48, IF(数据!AB17<=10, 5*权重!R$48+(数据!AB17-4)*权重!R$50, 5*权重!R$48+4*权重!R$50+(数据!AB17-10)*权重!R$52 ) ) -> 57.5 | AC17: =IF( 数据!AC17<=6,(数据!AC17-1)*权重!S$48, IF(数据!AC17<=12, 5*权重!S$48+(数据!AC17-6)*权重!S$49, 5*权重!S$48+6*权重!S$49+(数据!AC17-12)*权重!S$51 ) ) -> 18.75 | AD17: =IF( 数据!AD17<=6,(数据!AD17-1)*权重!T$48, IF(数据!AD17<=12, 5*权重!T$48+(数据!AD17-6)*权重!T$49, 5*权重!T$48+6*权重!T$49+(数据!AD17-12)*权重!T$51 ) ) -> -1.2333333 | AE17: =IF( 数据!AE17<=6,(数据!AE17-1)*权重!U$48, IF(数据!AE17<=10, 5*权重!U$48+(数据!AE17-4)*权重!U$50, 5*权重!U$48+4*权重!U$50+(数据!AE17-10)*权重!U$52 ) ) -> -3.28 | AF17: =IF( 数据!AF17<=6,(数据!AF17-1)*权重!V$48, IF(数据!AF17<=10, 5*权重!V$48+(数据!AF17-4)*权重!V$50, 5*权重!V$48+4*权重!V$50+(数据!AF17-10)*权重!V$52 ) ) -> 7.35 | AG17: =IF( 数据!AG17<=6,(数据!AG17-1)*权重!W$48, IF(数据!AG17<=12, 5*权重!W$48+(数据!AG17-6)*权重!W$49, 5*权重!W$48+6*权重!W$49+(数据!AG17-12)*权重!W$51 ) ) -> 3.3 | AH17: =IF( 数据!AH17<=6,(数据!AH17-1)*权重!X$48, IF(数据!AH17<=10, 5*权重!X$48+(数据!AH17-4)*权重!X$50, 5*权重!X$48+4*权重!X$50+(数据!AH17-10)*权重!X$52 ) ) -> -0.1625 | AI17: =IF( 数据!AI17<=6,(数据!AI17-1)*权重!Y$48, IF(数据!AI17<=12, 5*权重!Y$48+(数据!AI17-6)*权重!Y$49, 5*权重!Y$48+6*权重!Y$49+(数据!AI17-12)*权重!Y$51 ) ) -> 0.53333333 | AJ17: =IF( 数据!AJ17<=6,(数据!AJ17-1)*权重!Z$48, IF(数据!AJ17<=10, 5*权重!Z$48+(数据!AJ17-4)*权重!Z$50, 5*权重!Z$48+4*权重!Z$50+(数据!AJ17-10)*权重!Z$52 ) ) -> 11.0125 | AK17: =IF( 数据!AK17<=6,(数据!AK17-1)*权重!AA$48, IF(数据!AK17<=10, 5*权重!AA$48+(数据!AK17-4)*权重!AA$50, 5*权重!AA$48+4*权重!AA$50+(数据!AK17-10)*权重!AA$52 ) ) -> -1.45 | AL17: =IF( 数据!AL17<=6,(数据!AL17-1)*权重!AB$48, IF(数据!AL17<=12, 5*权重!AB$48+(数据!AL17-6)*权重!AB$49, 5*权重!AB$48+6*权重!AB$49+(数据!AL17-12)*权重!AB$51 ) ) -> 12.6 | AM17: =IF( 数据!AM17<=6,(数据!AM17-1)*权重!AC$48, IF(数据!AM17<=12, 5*权重!AC$48+(数据!AM17-6)*权重!AC$49, 5*权重!AC$48+6*权重!AC$49+(数据!AM17-12)*权重!AC$51 ) ) -> 9.2333333 | AN17: =IF( 数据!AN17<=6,(数据!AN17-1)*权重!AD$48, IF(数据!AN17<=12, 5*权重!AD$48+(数据!AN17-6)*权重!AD$49, 5*权重!AD$48+6*权重!AD$49+(数据!AN17-12)*权重!AD$51 ) ) -> 86.791667 | AO17: =IF( 数据!AO17<=6,(数据!AO17-1)*权重!AE$48, IF(数据!AO17<=12, 5*权重!AE$48+(数据!AO17-6)*权重!AE$49, 5*权重!AE$48+6*权重!AE$49+(数据!AO17-12)*权重!AE$51 ) ) -> 4.2 | AP17: =IF( 数据!AP17<=6,(数据!AP17-1)*权重!AF$48, IF(数据!AP17<=12, 5*权重!AF$48+(数据!AP17-6)*权重!AF$49, 5*权重!AF$48+6*权重!AF$49+(数据!AP17-12)*权重!AF$51 ) ) -> 16.4 | AQ17: =IF( 数据!AQ17<=6,(数据!AQ17-1)*权重!AG$48, IF(数据!AQ17<=12, 5*权重!AG$48+(数据!AQ17-6)*权重!AG$49, 5*权重!AG$48+6*权重!AG$49+(数据!AQ17-12)*权重!AG$51 ) ) -> 18.833333 | AR17: =IF( 数据!AR17<=6,(数据!AR17-1)*权重!AH$48, IF(数据!AR17<=12, 5*权重!AH$48+(数据!AR17-6)*权重!AH$49, 5*权重!AH$48+6*权重!AH$49+(数据!AR17-12)*权重!AH$51 ) ) -> 15.733333 | AS17: =IF( 数据!AS17<=6,(数据!AS17-1)*权重!AI$48, IF(数据!AS17<=12, 5*权重!AI$48+(数据!AS17-6)*权重!AI$49, 5*权重!AI$48+6*权重!AI$49+(数据!AS17-12)*权重!AI$51 ) ) -> 1.85 | ... AU17: =IF( 数据!AU17<=6,(数据!AU17-1)*权重!AK$48, IF(数据!AU17<=12, 5*权重!AK$48+(数据!AU17-6)*权重!AK$49, 5*权重!AK$48+6*权重!AK$49+(数据!AU17-12)*权重!AK$51 ) ) -> 14.8 | AV17: =IF( 数据!AV17<=6,(数据!AV17-1)*权重!AL$48, IF(数据!AV17<=10, 5*权重!AL$48+(数据!AV17-4)*权重!AL$50, 5*权重!AL$48+4*权重!AL$50+(数据!AV17-10)*权重!AL$52 ) ) -> 2.55 | AW17: =IF( 数据!AW17<=6,(数据!AW17-1)*权重!AM$48, IF(数据!AW17<=10, 5*权重!AM$48+(数据!AW17-4)*权重!AM$50, 5*权重!AM$48+4*权重!AM$50+(数据!AW17-10)*权重!AM$52 ) ) -> 4.2 | AX17: =IF( 数据!AX17<=6,(数据!AX17-1)*权重!AN$48, IF(数据!AX17<=10, 5*权重!AN$48+(数据!AX17-4)*权重!AN$50, 5*权重!AN$48+4*权重!AN$50+(数据!AX17-10)*权重!AN$52 ) ) -> 23.75 | AY17: 2 | AZ17: 2 | BA17: 3 | BB17: 3 | BC17: 3 | BD17: 1 | BE17: 2 | BF17: 1 | BG17: 2 | BH17: 1 | BI17: 3 | BJ17: - | BK17: 完​美 | BL17: 16 | BM17: - | BO17: 17 | BP17: 47664 | BQ17: 无 | BR17: 低​伤病​风险
A18: - | B18: =SUM(L18:AX18) -> 441.05417 | C18: 布里安·姆贝乌莫 - 选​择球​员 | D18: 度​假 | E18: 1 | F18: 0 | G18: 完​美 | H18: 攻​中场 (右左中), 前​锋 (中) | I18: 25 | J18: 155 | K18: 160 | L18: =IF( 数据!L18<=6,(数据!L18-1)*权重!B$48, IF(数据!L18<=12, 5*权重!B$48+(数据!L18-6)*权重!B$49, 5*权重!B$48+6*权重!B$49+(数据!L18-12)*权重!B$51 ) ) -> 3.4666667 | M18: =IF( 数据!M18<=6,(数据!M18-1)*权重!C$48, IF(数据!M18<=12, 5*权重!C$48+(数据!M18-6)*权重!C$49, 5*权重!C$48+6*权重!C$49+(数据!M18-12)*权重!C$51 ) ) -> 0.91666667 | N18: =IF( 数据!N18<=6,(数据!N18-1)*权重!D$48, IF(数据!N18<=12, 5*权重!D$48+(数据!N18-6)*权重!D$49, 5*权重!D$48+6*权重!D$49+(数据!N18-12)*权重!D$51 ) ) -> 0.8 | O18: =IF( 数据!O18<=6,(数据!O18-1)*权重!E$48, IF(数据!O18<=12, 5*权重!E$48+(数据!O18-6)*权重!E$49, 5*权重!E$48+6*权重!E$49+(数据!O18-12)*权重!E$51 ) ) -> 0 | P18: =IF( 数据!P18<=6,(数据!P18-1)*权重!F$48, IF(数据!P18<=12, 5*权重!F$48+(数据!P18-6)*权重!F$49, 5*权重!F$48+6*权重!F$49+(数据!P18-12)*权重!F$51 ) ) -> -2.35 | Q18: =IF( 数据!Q18<=6,(数据!Q18-1)*权重!G$48, IF(数据!Q18<=12, 5*权重!G$48+(数据!Q18-6)*权重!G$49, 5*权重!G$48+6*权重!G$49+(数据!Q18-12)*权重!G$51 ) ) -> 0 | R18: =IF( 数据!R18<=6,(数据!R18-1)*权重!H$48, IF(数据!R18<=12, 5*权重!H$48+(数据!R18-6)*权重!H$49, 5*权重!H$48+6*权重!H$49+(数据!R18-12)*权重!H$51 ) ) -> 0 | S18: =IF( 数据!S18<=6,(数据!S18-1)*权重!I$48, IF(数据!S18<=12, 5*权重!I$48+(数据!S18-6)*权重!I$49, 5*权重!I$48+6*权重!I$49+(数据!S18-12)*权重!I$51 ) ) -> 19.3 | ... Y18: =IF( 数据!Y18<=6,(数据!Y18-1)*权重!O$48, IF(数据!Y18<=12, 5*权重!O$48+(数据!Y18-6)*权重!O$49, 5*权重!O$48+6*权重!O$49+(数据!Y18-12)*权重!O$51 ) ) -> 2.5333333 | Z18: =IF( 数据!Z18<=6,(数据!Z18-1)*权重!P$48, IF(数据!Z18<=10, 5*权重!P$48+(数据!Z18-4)*权重!P$50, 5*权重!P$48+4*权重!P$50+(数据!Z18-10)*权重!P$52 ) ) -> -0.725 | AA18: =IF( 数据!AA18<=6,(数据!AA18-1)*权重!Q$48, IF(数据!AA18<=12, 5*权重!Q$48+(数据!AA18-6)*权重!Q$49, 5*权重!Q$48+6*权重!Q$49+(数据!AA18-12)*权重!Q$51 ) ) -> 6.6666667 | AB18: =IF( 数据!AB18<=6,(数据!AB18-1)*权重!R$48, IF(数据!AB18<=10, 5*权重!R$48+(数据!AB18-4)*权重!R$50, 5*权重!R$48+4*权重!R$50+(数据!AB18-10)*权重!R$52 ) ) -> 58.25 | AC18: =IF( 数据!AC18<=6,(数据!AC18-1)*权重!S$48, IF(数据!AC18<=12, 5*权重!S$48+(数据!AC18-6)*权重!S$49, 5*权重!S$48+6*权重!S$49+(数据!AC18-12)*权重!S$51 ) ) -> 20.183333 | AD18: =IF( 数据!AD18<=6,(数据!AD18-1)*权重!T$48, IF(数据!AD18<=12, 5*权重!T$48+(数据!AD18-6)*权重!T$49, 5*权重!T$48+6*权重!T$49+(数据!AD18-12)*权重!T$51 ) ) -> -0.86666667 | AE18: =IF( 数据!AE18<=6,(数据!AE18-1)*权重!U$48, IF(数据!AE18<=10, 5*权重!U$48+(数据!AE18-4)*权重!U$50, 5*权重!U$48+4*权重!U$50+(数据!AE18-10)*权重!U$52 ) ) -> -3 | AF18: =IF( 数据!AF18<=6,(数据!AF18-1)*权重!V$48, IF(数据!AF18<=10, 5*权重!V$48+(数据!AF18-4)*权重!V$50, 5*权重!V$48+4*权重!V$50+(数据!AF18-10)*权重!V$52 ) ) -> 6.825 | AG18: =IF( 数据!AG18<=6,(数据!AG18-1)*权重!W$48, IF(数据!AG18<=12, 5*权重!W$48+(数据!AG18-6)*权重!W$49, 5*权重!W$48+6*权重!W$49+(数据!AG18-12)*权重!W$51 ) ) -> 3.3 | AH18: =IF( 数据!AH18<=6,(数据!AH18-1)*权重!X$48, IF(数据!AH18<=10, 5*权重!X$48+(数据!AH18-4)*权重!X$50, 5*权重!X$48+4*权重!X$50+(数据!AH18-10)*权重!X$52 ) ) -> -0.05 | AI18: =IF( 数据!AI18<=6,(数据!AI18-1)*权重!Y$48, IF(数据!AI18<=12, 5*权重!Y$48+(数据!AI18-6)*权重!Y$49, 5*权重!Y$48+6*权重!Y$49+(数据!AI18-12)*权重!Y$51 ) ) -> 0.53333333 | AJ18: =IF( 数据!AJ18<=6,(数据!AJ18-1)*权重!Z$48, IF(数据!AJ18<=10, 5*权重!Z$48+(数据!AJ18-4)*权重!Z$50, 5*权重!Z$48+4*权重!Z$50+(数据!AJ18-10)*权重!Z$52 ) ) -> 11.0125 | AK18: =IF( 数据!AK18<=6,(数据!AK18-1)*权重!AA$48, IF(数据!AK18<=10, 5*权重!AA$48+(数据!AK18-4)*权重!AA$50, 5*权重!AA$48+4*权重!AA$50+(数据!AK18-10)*权重!AA$52 ) ) -> -1.275 | AL18: =IF( 数据!AL18<=6,(数据!AL18-1)*权重!AB$48, IF(数据!AL18<=12, 5*权重!AB$48+(数据!AL18-6)*权重!AB$49, 5*权重!AB$48+6*权重!AB$49+(数据!AL18-12)*权重!AB$51 ) ) -> 13.5 | AM18: =IF( 数据!AM18<=6,(数据!AM18-1)*权重!AC$48, IF(数据!AM18<=12, 5*权重!AC$48+(数据!AM18-6)*权重!AC$49, 5*权重!AC$48+6*权重!AC$49+(数据!AM18-12)*权重!AC$51 ) ) -> 9.6 | AN18: =IF( 数据!AN18<=6,(数据!AN18-1)*权重!AD$48, IF(数据!AN18<=12, 5*权重!AD$48+(数据!AN18-6)*权重!AD$49, 5*权重!AD$48+6*权重!AD$49+(数据!AN18-12)*权重!AD$51 ) ) -> 82.0625 | AO18: =IF( 数据!AO18<=6,(数据!AO18-1)*权重!AE$48, IF(数据!AO18<=12, 5*权重!AE$48+(数据!AO18-6)*权重!AE$49, 5*权重!AE$48+6*权重!AE$49+(数据!AO18-12)*权重!AE$51 ) ) -> 6.9666667 | AP18: =IF( 数据!AP18<=6,(数据!AP18-1)*权重!AF$48, IF(数据!AP18<=12, 5*权重!AF$48+(数据!AP18-6)*权重!AF$49, 5*权重!AF$48+6*权重!AF$49+(数据!AP18-12)*权重!AF$51 ) ) -> 17.366667 | AQ18: =IF( 数据!AQ18<=6,(数据!AQ18-1)*权重!AG$48, IF(数据!AQ18<=12, 5*权重!AG$48+(数据!AQ18-6)*权重!AG$49, 5*权重!AG$48+6*权重!AG$49+(数据!AQ18-12)*权重!AG$51 ) ) -> 19.35 | AR18: =IF( 数据!AR18<=6,(数据!AR18-1)*权重!AH$48, IF(数据!AR18<=12, 5*权重!AH$48+(数据!AR18-6)*权重!AH$49, 5*权重!AH$48+6*权重!AH$49+(数据!AR18-12)*权重!AH$51 ) ) -> 14.566667 | AS18: =IF( 数据!AS18<=6,(数据!AS18-1)*权重!AI$48, IF(数据!AS18<=12, 5*权重!AI$48+(数据!AS18-6)*权重!AI$49, 5*权重!AI$48+6*权重!AI$49+(数据!AS18-12)*权重!AI$51 ) ) -> 6.65 | ... AU18: =IF( 数据!AU18<=6,(数据!AU18-1)*权重!AK$48, IF(数据!AU18<=12, 5*权重!AK$48+(数据!AU18-6)*权重!AK$49, 5*权重!AK$48+6*权重!AK$49+(数据!AU18-12)*权重!AK$51 ) ) -> 15.4 | AV18: =IF( 数据!AV18<=6,(数据!AV18-1)*权重!AL$48, IF(数据!AV18<=10, 5*权重!AL$48+(数据!AV18-4)*权重!AL$50, 5*权重!AL$48+4*权重!AL$50+(数据!AV18-10)*权重!AL$52 ) ) -> 3.825 | AW18: =IF( 数据!AW18<=6,(数据!AW18-1)*权重!AM$48, IF(数据!AW18<=10, 5*权重!AM$48+(数据!AW18-4)*权重!AM$50, 5*权重!AM$48+4*权重!AM$50+(数据!AW18-10)*权重!AM$52 ) ) -> 4.575 | AX18: =IF( 数据!AX18<=6,(数据!AX18-1)*权重!AN$48, IF(数据!AX18<=10, 5*权重!AN$48+(数据!AX18-4)*权重!AN$50, 5*权重!AN$48+4*权重!AN$50+(数据!AX18-10)*权重!AN$52 ) ) -> 22.9125 | AY18: 2 | AZ18: 2 | BA18: 4 | BB18: 3 | BC18: 1 | BD18: 1 | BE18: 1 | BF18: 3 | BG18: 3 | BH18: 2 | BI18: 3 | BJ18: - | BK18: 完​美 | BL18: 15 | BM18: - | BO18: 47 | BP18: 47664 | BQ18: 无 | BR18: 低​伤病​风险
